쵔초,쵔초젌,첊쫚,챳,16 좭챦 킵,킵쩁,쌼쩠잁,泰貪耉,절쐑쮏,줦턄잁 쐑쮏,첇쫗초 췃,쐑,썴 쐑,첰 쐑
89009,쒐초,2001-01-01 12:00,,6,6,,695.8,,0,,-29.4,-28.7,-30.7
89009,쒐초,2001-01-01 18:00,,4,6,,695.3,,.2,,-28.3,,
89009,쒐초,2001-01-02 00:00,,6,8,,694.6,,.4,,-28.2,-27,-29.5
89009,쒐초,2001-01-02 06:00,,7,7,,693.1,,.7,,-29,,
89009,쒐초,2001-01-02 12:00,,8,6,,691.5,,.9,,-29,-28.7,-29
89009,쒐초,2001-01-02 18:00,,7,7,,689.6,,.8,,-28.8,,
89009,쒐초,2001-01-03 00:00,,9,6,,688.4,,.8,,-28.9,-28.7,-29.2
89009,쒐초,2001-01-04 00:00,,16,4,,687,,.3,,-30,-29,-30
89009,쒐초,2001-01-04 06:00,,18,3,,687.2,,.3,,-30.1,,
89009,쒐초,2001-01-04 18:00,,23,2,,688.7,,.3,,-28.9,,
89009,쒐초,2001-01-05 00:00,,28,5,,689.1,,.2,,-26.1,-26,-29.9
89009,쒐초,2001-01-05 06:00,,34,5,,688.3,,.2,,-27.7,,
89009,쒐초,2001-01-05 12:00,,34,8,,687.4,,.6,,-26.5,-26.3,-28.1
89009,쒐초,2001-01-05 18:00,,33,10,,686.3,,.6,,-24.9,,
89009,쒐초,2001-01-06 00:00,,28,8,,685.2,,.5,,-24.8,-24.4,-26.7
89009,쒐초,2001-01-06 06:00,,27,8,,684.5,,.3,,-24.5,,
89009,쒐초,2001-01-06 18:00,,28,7,,685.2,,.1,,-26.8,,
89009,쒐초,2001-01-07 00:00,,27,4,,686,,.3,,-27.2,-24.4,-27.9
89009,쒐초,2001-01-07 06:00,,35,5,,686.3,,.2,,-29.2,,
89009,쒐초,2001-01-07 12:00,,34,5,,686.7,,.1,,-28.3,-26.1,-29.5
89009,쒐초,2001-01-07 18:00,,1,6,,686.8,,0,,-28.5,,
89009,쒐초,2001-01-08 00:00,,2,7,,687.3,,0,,-29.5,-27.4,-29.6
89009,쒐초,2001-01-08 06:00,,3,7,,687.3,,0,,-29.9,,
89009,쒐초,2001-01-08 12:00,,2,7,,687.3,,0,,-29.5,-27.4,-29.6
89009,쒐초,2001-01-08 18:00,,7,6,,687.4,,0,,-30.2,,
89009,쒐초,2001-01-09 00:00,,6,3,,687.7,,.1,,-30.4,-28.5,-31.7
89009,쒐초,2001-01-09 18:00,,5,8,,686.1,,.3,,-30,,
89009,쒐초,2001-01-10 00:00,,7,10,,687.8,,.1,,-30.2,-29.7,-30.7
89009,쒐초,2001-01-10 06:00,,4,8,,686.7,,.3,,-29.5,,
89009,쒐초,2001-01-11 06:00,,3,15,,687.6,,0,,-27.5,,
89009,쒐초,2001-01-11 18:00,,1,10,,688.7,,.1,,-24.2,,
89009,쒐초,2001-01-12 00:00,,4,11,,689,,0,,-27.3,-24.1,-28.6
89009,쒐초,2001-01-12 18:00,,9,6,,687.9,,.3,,-30.5,,
89009,쒐초,2001-01-13 00:00,,10,6,,687.1,,.5,,-27.5,-27.5,-30.8
89009,쒐초,2001-01-13 06:00,,2,9,,686.6,,.1,,-26.7,,
89009,쒐초,2001-01-14 18:00,,36,5,,683.7,,.3,,-29.3,,
89009,쒐초,2001-01-15 00:00,,30,7,,685.5,,1,,-28.2,-27.3,-30.5
89009,쒐초,2001-01-15 06:00,,28,7,,687.3,,.7,,-26.4,,
89009,쒐초,2001-01-15 18:00,,5,8,,688.7,,.1,,-30,,
89009,쒐초,2001-01-16 00:00,,8,10,,688.4,,.1,,-30.7,-26.8,-31.5
89009,쒐초,2001-01-16 18:00,,3,10,,687.8,,.2,,-28.6,,
89009,쒐초,2001-01-17 00:00,,3,5,,688.2,,.1,,-29,-26.7,-31.8
89009,쒐초,2001-01-17 06:00,,4,5,,688.8,,.3,,-29,,
89009,쒐초,2001-01-17 12:00,,7,6,,689.3,,.3,,-30.5,-28.1,-31.2
89009,쒐초,2001-01-17 18:00,,6,12,,689.9,,.3,,-25.5,,
89009,쒐초,2001-01-18 00:00,,2,10,,690.7,,.5,,-26,-23.9,-30.5
89009,쒐초,2001-01-18 06:00,,2,12,,691.2,,.3,,-26.7,,
89009,쒐초,2001-01-18 12:00,,7,9,,691.7,,.1,,-28.4,-25.9,-28.4
89009,쒐초,2001-01-18 18:00,,7,11,,691.3,,.1,,-29.1,,
89009,쒐초,2001-01-19 00:00,,8,9,,690.8,,.3,,-28.7,-28.4,-29.2
89009,쒐초,2001-01-19 06:00,,7,10,,690.3,,.1,,-28,,
89009,쒐초,2001-01-19 12:00,,5,10,,690.6,,.3,,-27.7,-27.7,-28.9
89009,쒐초,2001-01-20 00:00,,3,12,,692.3,,.7,,-27.9,-27.2,-28.2
89009,쒐초,2001-01-21 00:00,,4,4,,693.8,,.5,,-30.8,-29.6,-31.5
89009,쒐초,2001-01-21 06:00,,9,2,,695.7,,.6,,-31.4,-30.2,-32.1
89009,쒐초,2001-01-21 18:00,,10,4,,695.9,,.3,,-29.7,,
89009,쒐초,2001-01-22 06:00,,13,4,,694.7,,.5,,-30.2,,
89009,쒐초,2001-01-22 12:00,,14,6,,693.3,,.8,,-30.4,-28.8,-30.9
89009,쒐초,2001-01-23 06:00,,12,8,,687.6,,.7,,-31.3,,
89009,쒐초,2001-01-23 12:00,,9,7,,686.3,,.6,,-32.1,-31.1,-32.4
89009,쒐초,2001-01-23 18:00,,5,7,,685.5,,.2,,-30.7,,
89009,쒐초,2001-01-24 06:00,,3,8,,685,,.1,,-31.2,,
89009,쒐초,2001-01-24 12:00,,3,7,,685.4,,.1,,-31,-30.1,-33.6
89009,쒐초,2001-01-24 18:00,,4,6,,686,,.5,,-33,,
89009,쒐초,2001-01-25 00:00,,13,17,,687.1,,.7,,,-30.4,-34.7
89009,쒐초,2001-01-25 06:00,,6,4,,668,,.5,,-34.8,,
89009,쒐초,2001-01-25 18:00,,12,4,,688.8,,.2,,-35.3,,
89009,쒐초,2001-01-26 00:00,,11,4,,688.4,,.5,,-36,-34.9,-36.6
89009,쒐초,2001-01-26 06:00,,11,5,,687.1,,.6,,-36.4,,
89009,쒐초,2001-01-26 12:00,,9,,,685.3,,.9,,-36.2,-35.5,-37.1
89009,쒐초,2001-01-26 18:00,,10,9,,683.3,,.8,,-36.4,,
89009,쒐초,2001-01-27 00:00,,7,8,,682.4,,.4,,-36.3,-35.7,-37
89009,쒐초,2001-01-27 06:00,,35,9,,682,,.1,,-33.3,,
89009,쒐초,2001-01-28 00:00,67,1,8,,685.4,,.9,-35.6,-31.5,,
89009,쒐초,2001-01-28 06:00,,1,9,,687,,.7,,-32.1,,
89009,쒐초,2001-01-28 18:00,,35,6,,690.3,,.8,,-29.7,,
89009,쒐초,2001-01-29 00:00,,2,6,,691.6,,.4,,-31.3,-29.2,-31.3
89009,쒐초,2001-01-29 06:00,,4,8,,692.1,,.2,,-34.1,,
89009,쒐초,2001-01-29 12:00,,8,8,,691.7,,.2,,-33.3,-31,-35.1
89009,쒐초,2001-01-30 00:00,,4,13,,688.3,,.9,,-28.4,-27.1,-35
89009,쒐초,2001-01-30 06:00,,3,10,,687,,.5,,-31.2,,
89009,쒐초,2001-01-30 12:00,,1,9,,686.7,,.1,,-34.3,-28.4,-34.4
89009,쒐초,2001-01-30 18:00,,1,7,,687.2,,.3,,-32,,
89009,쒐초,2001-01-31 00:00,,1,7,,687.9,,.3,,-30.6,-30,-35.5
89009,쒐초,2001-01-31 06:00,,5,8,,688.2,,.3,,-33.2,,
89009,쒐초,2001-01-31 12:00,,3,12,,688.9,,.4,,-28,-27.5,-33.4
89009,쒐초,2001-01-31 18:00,,1,13,,690.2,,.9,,-31.5,,
89009,쒐초,2001-02-01 00:00,,34,13,,692.7,,1.4,,-30.3,-28,-32
89009,쒐초,2001-02-01 06:00,,36,13,,694.7,,.9,,-32.1,,
89009,쒐초,2001-02-01 12:00,,3,10,,696.4,,.5,,-33.5,-29.3,-33.6
89009,쒐초,2001-02-02 00:00,,36,13,,696.9,,.2,,-31.4,-31.2,-34.2
89009,쒐초,2001-02-02 06:00,,1,9,,696.9,,.1,,-29.6,,
89009,쒐초,2001-02-02 18:00,,4,9,,695.2,,.5,,-34,,
89009,쒐초,2001-02-03 00:00,,50,58,,694.4,,.5,,-35,-31.3,-36.2
89009,쒐초,2001-02-03 18:00,,2,8,,693.4,,.1,,-37.4,,
89009,쒐초,2001-02-04 00:00,,2,2,,694.3,,.5,,-36.5,-35.6,-38.6
89009,쒐초,2001-02-04 18:00,,35,8,,697,,.2,,-35,,
89009,쒐초,2001-02-05 00:00,,33,5,,696.8,,.4,,-33.3,-33,-37.7
89009,쒐초,2001-02-05 06:00,,6,3,,695.6,,.9,,-30.8,,
89009,쒐초,2001-02-05 12:00,,10,6,,693.6,,1.1,,-35.7,-30.6,-35.8
89009,쒐초,2001-02-05 18:00,,12,10,,690.9,,1.5,,-36.6,,
89009,쒐초,2001-02-06 00:00,,13,11,,688.4,,1.1,,-35.8,-34.6,-38
89009,쒐초,2001-02-06 06:00,,9,14,,685.3,,1.1,,-35.9,,
89009,쒐초,2001-02-07 06:00,,6,8,,684.6,,.9,,-38.4,,
89009,쒐초,2001-02-07 18:00,,1,9,,689.9,,1,,-35.6,,
89009,쒐초,2001-02-08 00:00,,1,12,,691.3,,.4,,-36,-34.4,-38
89009,쒐초,2001-02-08 06:00,,1,13,,692.3,,.4,,-38.4,,
89009,쒐초,2001-02-08 12:00,,1,12,,692.8,,.2,,-39.2,-36,-39.5
89009,쒐초,2001-02-09 00:00,,2,12,,692.4,,.2,,-37.5,-37.5,-39.6
89009,쒐초,2001-02-09 06:00,,2,12,,692,,.1,,-37.6,,
89009,쒐초,2001-02-09 12:00,,2,11,,692.2,,0,,-37.3,-36.2,-38.4
89009,쒐초,2001-02-09 18:00,,1,13,,692.4,,.4,,-38.6,,
89009,쒐초,2001-02-10 00:00,,4,7,,692.7,,.2,,-39.4,-37.3,-39.8
89009,쒐초,2001-02-10 06:00,,7,5,,692.4,,.2,,-42.2,,
89009,쒐초,2001-02-10 12:00,,7,5,,692,,.2,,-40.8,-39.4,-42.5
89009,쒐초,2001-02-11 00:00,,8,5,,691.8,,.1,,-43,-40.3,-43.1
89009,쒐초,2001-02-11 06:00,,11,5,,691.1,,.2,,-44.2,,
89009,쒐초,2001-02-11 18:00,,11,11,,689.1,,.6,,-42.6,,
89009,쒐초,2001-02-12 00:00,,11,8,,688.1,,.4,,-43.5,-41.9,-43.8
89009,쒐초,2001-02-12 06:00,,9,9,,686.9,,.2,,-43.2,,
89009,쒐초,2001-02-12 12:00,,7,8,,687,,.2,,-43.2,-42.5,-43.9
89009,쒐초,2001-02-12 18:00,,5,8,,687.1,,.2,,-42.5,,
89009,쒐초,2001-02-13 00:00,,3,8,,688.7,,.8,,-41.6,-40.5,-44.2
89009,쒐초,2001-02-13 06:00,,3,7,,690.6,,1.2,,-41.7,,
89009,쒐초,2001-02-13 12:00,,4,7,,692.8,,1.1,,-43.7,-40.4,-45.1
89009,쒐초,2001-02-14 00:00,,6,9,,696.4,,.8,,-43.9,-41.5,-45.4
89009,쒐초,2001-02-14 12:00,,9,8,,697.1,,0,,-44.2,-43.1,-45.3
89009,쒐초,2001-02-15 00:00,,7,12,,693.8,,1,,-42.2,-42.2,-45.1
89009,쒐초,2001-02-15 06:00,,4,12,,691.8,,1,,-40.6,,
89009,쒐초,2001-02-15 18:00,,7,13,,688.6,,.8,,-35.6,,
89009,쒐초,2001-02-16 00:00,,8,6,,687.5,,.3,,-39,-35.2,-41.4
89009,쒐초,2001-02-16 06:00,,4,10,,686.8,,.1,,-38.4,,
89009,쒐초,2001-02-16 12:00,,3,12,,686.8,,.1,,-38.6,-37.5,-39.8
89009,쒐초,2001-02-17 00:00,,16,3,,689.4,,.7,,-37.8,-37.8,-42.8
89009,쒐초,2001-02-17 12:00,,5,4,,691.6,,.3,,-40.1,-34.8,-40.9
89009,쒐초,2001-02-17 18:00,,25,61,,691.5,,.2,,-37.1,,
89009,쒐초,2001-02-18 12:00,,5,3,,690.4,,.1,,-36.2,-35.7,-40.2
89009,쒐초,2001-02-19 00:00,,8,8,,689,,.5,,-33.2,-33.2,-37
89009,쒐초,2001-02-19 18:00,,4,6,,686.7,,0,,-40.9,,
89009,쒐초,2001-02-20 00:00,,2,3,,687.4,,.4,,-39.2,-37.2,-41.4
89009,쒐초,2001-02-20 06:00,,35,12,,687.9,,.3,,-39.5,,
89009,쒐초,2001-02-21 12:00,,27,8,,691,,0,,-27.4,-26.5,-27.4
89009,쒐초,2001-02-21 18:00,,31,4,,690.5,,.3,,-21.5,,
89009,쒐초,2001-02-22 00:00,,24,4,,689.7,,.6,,-26.4,-26.2,-28.8
89009,쒐초,2001-02-22 12:00,,8,2,,688.2,,.6,,-42.7,-26.4,-43.4
89009,쒐초,2001-02-23 00:00,,12,7,,686.8,,.2,,-30.5,-30.5,-43.8
89009,쒐초,2001-02-23 12:00,,12,6,,683.3,,.3,,-39.7,-38.7,-43.8
89009,쒐초,2001-02-23 18:00,,15,5,,685.4,,.1,,-33.7,,
89009,쒐초,2001-02-24 18:00,,0,0,,682.8,,.1,,-38.6,,
89009,쒐초,2001-02-25 00:00,,1,2,,682.9,,.1,,-41.8,-38,-41.8
89009,쒐초,2001-02-25 12:00,,5,7,,684.1,,.3,,-50.7,-41.8,-50.7
89009,쒐초,2001-02-26 00:00,,8,6,,684.9,,.4,,-48.9,-47.7,-51.6
89009,쒐초,2001-02-26 12:00,,6,5,,685,,.1,,-49.9,-48.5,-51.8
89009,쒐초,2001-02-26 18:00,,7,3,,684.7,,.1,,-47.2,,
89009,쒐초,2001-02-27 00:00,,36,4,,684.5,,.2,,-43.3,-43.3,-50
89009,쒐초,2001-02-27 06:00,,36,3,,684.2,,0,,-46.2,,
89009,쒐초,2001-02-27 12:00,,36,2,,683.7,,.1,,-45.3,-43,-47
89009,쒐초,2001-02-27 18:00,,13,4,,682.9,,.1,,-50.6,,
89009,쒐초,2001-02-28 00:00,,14,5,,682,,.5,,-49.8,-45.3,-50.8
89009,쒐초,2001-02-28 06:00,,12,9,,680.8,,.6,,-50.1,,
89009,쒐초,2001-02-28 12:00,,11,10,,680,,.6,,-51.8,-48.2,-52.2
89009,쒐초,2001-02-28 18:00,,12,10,,678.9,,.3,,-50.5,,
89009,쒐초,2001-03-01 00:00,,12,8,377,,,.5,,-53.5,-49.9,-54.1
89009,쒐초,2001-03-01 06:00,,12,12,,676.3,,.6,,-50.7,,
89009,쒐초,2001-03-01 12:00,,11,9,,674.9,,.6,,-51.4,-50.2,-54.4
89009,쒐초,2001-03-01 18:00,,12,14,,673.4,,.5,,-54.1,,
89009,쒐초,2001-03-02 00:00,,11,10,,627.2,,.1,,-56.5,-51.3,-56.8
89009,쒐초,2001-03-02 18:00,,8,11,,674,,.4,,-58.2,,
89009,쒐초,2001-03-03 00:00,,8,9,,675.5,,.7,,-59.2,-57.6,-59.5
89009,쒐초,2001-03-03 06:00,,8,9,,676.3,,.4,,-60.3,,
89009,쒐초,2001-03-03 18:00,,8,7,,678.2,,.5,,-61.6,,
89009,쒐초,2001-03-04 18:00,,4,14,,679.8,,.3,,-54.2,,
89009,쒐초,2001-03-05 00:00,,4,16,,679.3,,.2,,-52.8,-52.2,-56.6
89009,쒐초,2001-03-05 18:00,,4,14,,678.3,,.3,,-52.5,,
89009,쒐초,2001-03-06 00:00,,4,16,,679.9,,.3,,-53.1,-51.8,-53.2
89009,쒐초,2001-03-06 06:00,,3,16,,677.4,,.2,,-53.8,,
89009,쒐초,2001-03-06 18:00,,2,19,,677.8,,.4,,-53.6,,
89009,쒐초,2001-03-07 00:00,,2,18,,679.3,,.7,,-52.4,-51.9,-54.1
89009,쒐초,2001-03-07 06:00,,2,19,,680.2,,.7,,-51.3,,
89009,쒐초,2001-03-07 18:00,,3,14,,682.2,,.4,,-53,,
89009,쒐초,2001-03-08 00:00,,3,11,,682.2,,.1,,-53.1,-51.3,-53.2
89009,쒐초,2001-03-08 06:00,,2,14,,681.2,,.5,,-53.6,,
89009,쒐초,2001-03-08 18:00,,36,12,,681.5,,.2,,-52.5,,
89009,쒐초,2001-03-09 00:00,,34,13,,682.2,,.2,,-45.2,-45.2,-56.6
89009,쒐초,2001-03-09 18:00,,36,12,,683.9,,.6,,-46,,
89009,쒐초,2001-03-10 00:00,,33,9,,684.9,,.7,,-44.4,-39.9,-48.7
89009,쒐초,2001-03-10 06:00,,1,4,,685.2,,.4,,-44.2,,
89009,쒐초,2001-03-10 18:00,,7,7,,684.8,,.1,,-44,,
89009,쒐초,2001-03-11 00:00,,15,58,,1061.1,,.6,,-50.2,-41.6,-50.2
89009,쒐초,2001-03-11 06:00,,7,9,,682.6,,.2,,-46.8,,
89009,쒐초,2001-03-11 18:00,,9,10,,680.3,,.3,,-54.6,,
89009,쒐초,2001-03-12 00:00,,8,10,,679.5,,.3,,-55,-50.9,-55.7
89009,쒐초,2001-03-12 12:00,,10,9,,679.5,,.3,,-58.3,-54.9,-58.7
89009,쒐초,2001-03-12 18:00,,9,9,,680.2,,.8,,-59.1,,
89009,쒐초,2001-03-13 00:00,,9,7,,681.4,,.7,,-59.8,-58.2,-60
89009,쒐초,2001-03-13 18:00,,7,10,,683.8,,.2,,-61.1,,
89009,쒐초,2001-03-14 00:00,,7,10,,684.1,,.3,,-60.8,-60.2,-62.2
89009,쒐초,2001-03-14 06:00,,9,9,,683.6,,.3,,-60.5,,
89009,쒐초,2001-03-14 12:00,,11,9,,682.6,,.5,,-62.4,-60.5,-62.9
89009,쒐초,2001-03-14 18:00,,10,6,,681.1,,.5,,-62.2,,
89009,쒐초,2001-03-15 00:00,,10,6,,679.3,,.7,,-63.9,-60.5,-63.9
89009,쒐초,2001-03-15 06:00,,11,9,,677.4,,.6,,-64.1,,
89009,쒐초,2001-03-15 12:00,,10,10,,676.1,,.5,,-64.7,-61.2,-65.3
89009,쒐초,2001-03-15 18:00,,9,9,,675.3,,.1,,-64.9,,
89009,쒐초,2001-03-16 00:00,,3,11,,676.8,,.7,,-61,,
89009,쒐초,2001-03-16 12:00,,2,14,,677.6,,.6,,-56.7,-56.7,-65.3
89009,쒐초,2001-03-16 18:00,,36,18,,678.4,,.4,,-51.2,,
89009,쒐초,2001-03-17 00:00,,36,15,,680.3,,.9,,-53.1,-50.1,-56.8
89009,쒐초,2001-03-17 06:00,,1,17,,681.1,,.7,,-53.9,,
89009,쒐초,2001-03-17 12:00,,36,20,,681.8,,.1,,-50,-50,-55.6
89009,쒐초,2001-03-17 18:00,,34,14,,683.1,,1,,-45.7,,
89009,쒐초,2001-03-18 00:00,,35,13,,683.8,,.3,,-48.4,-43.3,-51.1
89009,쒐초,2001-03-18 06:00,,35,12,,683.7,,.1,,-47.2,,
89009,쒐초,2001-03-18 12:00,,2,7,,683.7,,0,,-53.1,-45.8,-53.1
89009,쒐초,2001-03-18 18:00,,8,8,,683.2,,.2,,-58.8,,
89009,쒐초,2001-03-19 00:00,,10,7,,681,,1.4,,-59.6,,
89009,쒐초,2001-03-19 06:00,,10,7,,677.7,,1.5,,-56.9,,
89009,쒐초,2001-03-19 18:00,,10,9,,671.3,,1.2,,-62.7,,
89009,쒐초,2001-03-20 00:00,,6,6,,671.1,,.1,,-63.4,-60.6,-64.3
89009,쒐초,2001-03-20 06:00,,5,9,,672.1,,.9,,-63,,
89009,쒐초,2001-03-20 12:00,,3,16,,674,,1.2,,-56.7,-56.7,-64.7
89009,쒐초,2001-03-20 18:00,,3,10,,676,,1.1,,-56.4,,
89009,쒐초,2001-03-21 00:00,,2,15,,677.3,,.5,,-55,-54.7,-56.8
89009,쒐초,2001-03-21 06:00,,2,12,,678.3,,.7,,-55.5,,
89009,쒐초,2001-03-21 12:00,,1,10,,679.4,,.6,,-56.2,-54.4,-56.8
89009,쒐초,2001-03-21 18:00,,4,4,,680.7,,.6,,-53.6,,
89009,쒐초,2001-03-22 00:00,,3,7,,681.1,,0,,-56.8,-52.9,-58.9
89009,쒐초,2001-03-22 06:00,,32,9,,679.4,,.7,,-49.6,,
89009,쒐초,2001-03-22 12:00,,36,13,,677.7,,.3,,-51.6,-48,-56.8
89009,쒐초,2001-03-22 18:00,,1,14,,675.9,,.4,,-55.2,,
89009,쒐초,2001-03-23 00:00,,4,8,,675.5,,.2,,-58.5,-51.2,-60.1
89009,쒐초,2001-03-23 06:00,,5,9,,675.3,,0,,-61.9,,
89009,쒐초,2001-03-23 18:00,,11,8,,680,,1.9,,-64.8,,
89009,쒐초,2001-03-24 00:00,,10,6,,683.7,,1.5,,-64.7,-60.5,-65.5
89009,쒐초,2001-03-24 06:00,,9,5,,686.8,,1.4,,-57.4,,
89009,쒐초,2001-03-24 18:00,,36,7,,691.6,,1.2,,-51.3,,
89009,쒐초,2001-03-25 00:00,,34,9,,692.3,,.3,,-45.6,-45.6,-55.3
89009,쒐초,2001-03-25 06:00,,27,3,,692.1,,.2,,-40.1,,
89009,쒐초,2001-03-25 18:00,,13,3,,693.4,,.4,,-48,,
89009,쒐초,2001-03-26 00:00,,11,6,,693.4,,.3,,-46.2,-43.9,-48.4
89009,쒐초,2001-03-26 06:00,,12,8,,692.7,,.2,,-50.6,,
89009,쒐초,2001-03-26 18:00,,13,13,,690.3,,.7,,-53.8,,
89009,쒐초,2001-03-27 00:00,,11,18,,687.9,,.9,,-55.5,-52.2,-55.9
89009,쒐초,2001-03-27 06:00,,12,18,,683.6,,2.2,,-56.7,,
89009,쒐초,2001-03-28 00:00,,4,20,,679.3,,.5,,-51.4,-51.4,-57.5
89009,쒐초,2001-03-28 06:00,,4,23,,678.8,,.2,,-50.3,,
89009,쒐초,2001-03-28 18:00,,7,13,,673.9,,1.7,,-61.5,,
89009,쒐초,2001-03-29 00:00,,8,12,,672.3,,.5,,-62.8,-52.9,-62.9
89009,쒐초,2001-03-29 12:00,,5,13,,672.8,,.5,,-58.8,-58.6,-62.8
89009,쒐초,2001-03-29 18:00,,4,15,,673.5,,.6,,-58.5,,
89009,쒐초,2001-03-30 00:00,,3,20,,673.9,,.3,,-56.1,-56.1,-59
89009,쒐초,2001-03-30 06:00,,4,21,,673.4,,0,,-55,,
89009,쒐초,2001-03-30 12:00,,3,24,,672.7,,0,,-53.4,-52.5,-56.5
89009,쒐초,2001-03-30 18:00,,3,19,,672.4,,.1,,-54.1,,
89009,쒐초,2001-03-31 00:00,,3,22,,672.8,,.4,,-52.3,-52.2,-54.3
89009,쒐초,2001-03-31 06:00,,3,22,,673.1,,.2,,-51.6,,
89009,쒐초,2001-03-31 12:00,,3,19,,673.5,,.1,,-53,-51.6,-53
89009,쒐초,2001-03-31 18:00,,4,17,,674.1,,.3,,-52.4,,
89009,쒐초,2001-04-01 06:00,,2,21,,677.4,,1,,-51.6,,
89009,쒐초,2001-04-01 12:00,,1,22,,678.6,,.5,,-51.3,-50.5,-53.4
89009,쒐초,2001-04-01 18:00,,2,19,,678.1,,.2,,-51.4,,
89009,쒐초,2001-04-02 00:00,,2,12,,679.1,,1,,-55.6,-50.7,-56
89009,쒐초,2001-04-02 06:00,,2,15,,680.4,,1,,-55,,
89009,쒐초,2001-04-02 12:00,,8,6,,682.6,,1.1,,-60.2,-54,-60.4
89009,쒐초,2001-04-02 18:00,,7,10,,684.3,,1,,-63.9,,
89009,쒐초,2001-04-03 00:00,,8,5,,686.3,,.9,,-56.8,-56.8,-64.2
89009,쒐초,2001-04-03 06:00,,13,5,,687.5,,.7,,-54.4,,
89009,쒐초,2001-04-03 12:00,,11,6,,687.9,,.2,,-52.2,-52.2,-56.9
89009,쒐초,2001-04-03 18:00,,11,10,,687.1,,.6,,-52.9,,
89009,쒐초,2001-04-04 00:00,,10,10,,685.8,,.9,,-51.2,-49.8,-53.6
89009,쒐초,2001-04-04 12:00,,9,19,,681.7,,.4,,-56.6,,
89009,쒐초,2001-04-05 00:00,,9,8,,681.6,,.1,,-55.6,-54.7,-58
89009,쒐초,2001-04-05 06:00,,7,11,,681.2,,0,,-55.8,,
89009,쒐초,2001-04-05 12:00,,4,13,,681.9,,.4,,-47.6,-47.6,-57
89009,쒐초,2001-04-05 18:00,,5,12,,682.8,,.4,,-40,,
89009,쒐초,2001-04-06 00:00,,4,12,,683.6,,.1,,-47,-45,-49.4
89009,쒐초,2001-04-06 18:00,,7,12,,682.3,,.4,,-53.2,,
89009,쒐초,2001-04-07 00:00,,11,10,,680.7,,.9,,-52.6,-51.3,-55.8
89009,쒐초,2001-04-07 06:00,,9,12,,677.4,,1.9,,-52.1,,
89009,쒐초,2001-04-07 12:00,,10,11,,675.6,,.8,,-55.4,-50.8,-55.9
89009,쒐초,2001-04-07 18:00,,9,9,,674.4,,.3,,-58.4,,
89009,쒐초,2001-04-08 00:00,,8,10,,674.4,,.4,,-60.6,-55.4,-61.7
89009,쒐초,2001-04-08 06:00,,8,9,,675.2,,.7,,-63.2,,
89009,쒐초,2001-04-08 12:00,,6,10,,676.3,,.5,,-65.8,-60.6,-65.8
89009,쒐초,2001-04-08 18:00,,4,7,,677.4,,.5,,-64.4,,
89009,쒐초,2001-04-09 00:00,,3,8,,677.7,,.1,,-63.7,-61.5,-67.8
89009,쒐초,2001-04-09 12:00,,4,11,,677.1,,0,,-56.1,-56.1,-67.6
89009,쒐초,2001-04-09 18:00,,4,10,,677.8,,.3,,-59.4,,
89009,쒐초,2001-04-10 00:00,,8,6,,678.6,,.2,,-64,-55.7,-64
89009,쒐초,2001-04-10 06:00,,9,8,,678.1,,.2,,-65.8,,
89009,쒐초,2001-04-10 12:00,,11,6,,677.7,,.3,,-68.9,-64,-69
89009,쒐초,2001-04-10 18:00,,10,8,,676.9,,.5,,-68.9,,
89009,쒐초,2001-04-11 00:00,,10,10,,676.6,,.2,,-68.2,-68.2,-69.7
89009,쒐초,2001-04-11 06:00,,9,10,,676.2,,.2,,-68.3,,
89009,쒐초,2001-04-11 12:00,,11,6,,677.7,,.4,,-68.3,-67.1,-69
89009,쒐초,2001-04-11 18:00,,12,9,,678.9,,.8,,-65.5,,
89009,쒐초,2001-04-12 00:00,,10,11,,680.1,,.5,,-62.7,-62.7,-69.4
89009,쒐초,2001-04-12 06:00,,13,10,,680.9,,.1,,-59.7,,
89009,쒐초,2001-04-12 12:00,,10,13,,680.7,,.6,,-56.3,-56.2,-62.7
89009,쒐초,2001-04-12 18:00,,12,7,,680.7,,.4,,-58.5,,
89009,쒐초,2001-04-13 00:00,,8,12,,679.3,,.9,,-61.5,-55.8,-61.5
89009,쒐초,2001-04-13 06:00,,7,11,,676.8,,1.6,,-61.4,,
89009,쒐초,2001-04-13 12:00,,8,12,,675.2,,1.2,,-62.3,-61.2,-63.7
89009,쒐초,2001-04-13 18:00,,8,10,,674.9,,.1,,-63.3,,
89009,쒐초,2001-04-14 00:00,,7,9,,675.4,,.5,,-60.4,-60.4,-65
89009,쒐초,2001-04-14 06:00,,9,6,,675.8,,.2,,-60.9,,
89009,쒐초,2001-04-14 12:00,,6,7,,676.5,,.3,,-56.2,-56.1,-61.8
89009,쒐초,2001-04-14 18:00,,6,8,,676.6,,0,,-56.8,,
89009,쒐초,2001-04-15 00:00,,5,8,,676.7,,.4,,-55.1,-55.1,-57.2
89009,쒐초,2001-04-15 06:00,,7,7,,676.9,,.1,,-57.6,,
89009,쒐초,2001-04-15 18:00,,10,6,,675.8,,.4,,-63.2,,
89009,쒐초,2001-04-16 00:00,,10,6,,674.5,,.4,,-63.4,-58.8,-64.6
89009,쒐초,2001-04-16 06:00,,10,7,,673.7,,.5,,-64.2,,
89009,쒐초,2001-04-16 12:00,,9,10,,673.5,,0,,-64.9,-60.8,-65.1
89009,쒐초,2001-04-17 00:00,,10,9,,673.5,,.4,,-64.6,-63.8,-65.8
89009,쒐초,2001-04-17 06:00,,8,12,,673.2,,.2,,-63.6,,
89009,쒐초,2001-04-17 12:00,,7,10,,673.5,,.1,,-63.6,-63,-65.3
89009,쒐초,2001-04-17 18:00,,9,9,,673.6,,.1,,-65.6,,
89009,쒐초,2001-04-18 00:00,,9,8,,673.4,,.2,,-66.1,-3.6,-66.9
89009,쒐초,2001-04-18 06:00,,11,9,,673.1,,.3,,-67.4,,
89009,쒐초,2001-04-18 18:00,,10,7,,673.1,,.1,,-68.5,,
89009,쒐초,2001-04-19 00:00,,9,10,,672.7,,.2,,-68.2,-65.4,-68.8
89009,쒐초,2001-04-19 06:00,,7,11,,672.2,,0,,-65.9,,
89009,쒐초,2001-04-19 12:00,,7,10,,671.7,,.2,,-64.1,-63.5,-68.2
89009,쒐초,2001-04-19 18:00,,7,12,,671.1,,.2,,-62.6,,
89009,쒐초,2001-04-20 00:00,,6,12,,670.4,,.6,,-62.5,-62.2,-64.1
89009,쒐초,2001-04-20 06:00,,6,12,,669.2,,.7,,-62.7,,
89009,쒐초,2001-04-20 12:00,,4,15,,667.8,,.9,,-58.6,-58.6,-64
89009,쒐초,2001-04-20 18:00,,4,13,,666.1,,1,,-59.5,,
89009,쒐초,2001-04-21 00:00,,4,12,,665.8,,.3,,-62,-58.5,-66.4
89009,쒐초,2001-04-21 06:00,,3,13,,666.4,,.8,,-63.5,,
89009,쒐초,2001-04-21 12:00,,3,13,,668.7,,1.3,,-65,-62,-65.2
89009,쒐초,2001-04-21 18:00,,3,13,,671.3,,1.4,,-63.8,,
89009,쒐초,2001-04-22 00:00,,2,17,,674,,1.1,-65.4,-63,,
89009,쒐초,2001-04-22 06:00,,1,17,,676.4,,.9,,-59.7,,
89009,쒐초,2001-04-22 18:00,,5,14,,677.1,,.8,,-59.5,,
89009,쒐초,2001-04-23 00:00,,2,18,,675.6,,.5,,-56.2,-56.2,-61
89009,쒐초,2001-04-23 06:00,,3,14,,973.9,,.6,,-51.5,,
89009,쒐초,2001-04-23 18:00,,1,16,,674.5,,.4,,-51.5,,
89009,쒐초,2001-04-24 00:00,,36,18,,675.9,,.5,,-52.3,-50.4,-52.8
89009,쒐초,2001-04-24 06:00,,36,15,,677.4,,.9,,-56,,
89009,쒐초,2001-04-24 12:00,,1,10,,679.4,,.9,,-60.4,-52.3,-60.5
89009,쒐초,2001-04-24 18:00,,2,6,,681.5,,1,,-62.3,,
89009,쒐초,2001-04-25 00:00,,8,5,,684.2,,1.4,,-67.5,-60.4,-68.7
89009,쒐초,2001-04-25 06:00,,8,6,,685.8,,.7,,-66,,
89009,쒐초,2001-04-25 12:00,,4,3,,686,,.2,,-57.8,-57.8,-67.5
89009,쒐초,2001-04-25 18:00,,2,6,,684.1,,1.1,,-53,,
89009,쒐초,2001-04-26 00:00,,9,5,,682.9,,.1,,-60.4,-53,-62.1
89009,쒐초,2001-04-26 06:00,,13,9,,681.8,,.2,,-63.2,,
89009,쒐초,2001-04-26 18:00,,14,10,,678.2,,1.2,,-63.2,,
89009,쒐초,2001-04-27 00:00,,13,14,,673.3,,3,,-61.7,-61.4,-66
89009,쒐초,2001-04-27 06:00,,11,12,,669,,2.4,,-62,,
89009,쒐초,2001-04-27 12:00,,11,8,,665.9,,1.4,,-64.9,-60.3,-65.1
89009,쒐초,2001-04-27 18:00,,9,10,,663.4,,.9,,-65.4,,
89009,쒐초,2001-04-28 00:00,,10,9,,663,,0,,-68.2,-64.6,-68.3
89009,쒐초,2001-04-28 06:00,,10,6,,664.4,,.9,,-71.1,,
89009,쒐초,2001-04-28 18:00,,5,6,,670.6,,1.6,,-66.1,,
89009,쒐초,2001-04-29 12:00,,2,16,,677.5,,.5,,-57.6,-57.6,-61.4
89009,쒐초,2001-04-29 18:00,,2,15,,678.8,,.3,,-56.2,,
89009,쒐초,2001-04-30 00:00,,1,21,,679.6,,.5,,-55,-55,-57.8
89009,쒐초,2001-04-30 06:00,,2,11,,681.7,,1.2,,-56.9,,
89009,쒐초,2001-04-30 12:00,,4,8,,683.7,,1.1,,-56.2,-54.9,-57.6
89009,쒐초,2001-04-30 18:00,,4,11,,684.5,,0,,-54.9,,
89009,쒐초,2001-05-01 00:00,,5,9,,685,,.5,,-56.8,-54.8,-57.4
89009,쒐초,2001-05-01 06:00,,6,9,,684.5,,.4,,-54.9,,
89009,쒐초,2001-05-01 18:00,,7,13,,681,,1.4,,-59.5,,
89009,쒐초,2001-05-02 00:00,,11,10,,678.5,,1.3,,-60.9,-58.2,-61
89009,쒐초,2001-05-02 06:00,,9,10,,674.1,,2.2,,-57.6,,
89009,쒐초,2001-05-02 12:00,,10,11,,670.1,,2.1,,-58.6,-54.7,-60.9
89009,쒐초,2001-05-02 18:00,,7,10,,668.8,,.2,,-60,,
89009,쒐초,2001-05-03 00:00,,3,12,,670.7,,1.3,,-61.9,-58.2,-62.2
89009,쒐초,2001-05-03 06:00,,2,14,,673,,1.1,,-64.1,,
89009,쒐초,2001-05-03 12:00,,2,13,,674.1,,.6,,-62.9,-61.9,-64.4
89009,쒐초,2001-05-03 18:00,,4,10,,675,,.4,,-61.9,,
89009,쒐초,2001-05-04 00:00,,5,12,,675.1,,.2,,-64.5,-61.4,-64.9
89009,쒐초,2001-05-04 06:00,,67,52,,,,.1,,,,
89009,쒐초,2001-05-04 12:00,,6,13,,675.5,,.1,,-65.3,-62.5,-66.7
89009,쒐초,2001-05-04 18:00,,6,11,,675.1,,.4,,-58.7,,
89009,쒐초,2001-05-05 00:00,,7,10,,678.3,,.4,,-66.8,-55.5,-67.5
89009,쒐초,2001-05-05 18:00,,7,9,,679.7,,.8,,-68.2,,
89009,쒐초,2001-05-06 00:00,,8,6,,681.9,,1,,-69.5,-63.7,-70
89009,쒐초,2001-05-06 18:00,,4,6,,686.9,,.6,,-62.2,,
89009,쒐초,2001-05-07 06:00,,9,3,,688.5,,.5,,-67.1,,
89009,쒐초,2001-05-07 12:00,,5,9,,689.7,,.8,,-68.9,-63.7,-69
89009,쒐초,2001-05-07 18:00,,7,9,,691.1,,.4,,-68.1,,
89009,쒐초,2001-05-08 00:00,,4,8,,692.3,,.2,,-69.9,-66.1,-70.8
89009,쒐초,2001-05-08 06:00,,3,12,,692.6,,.2,,-61.2,,
89009,쒐초,2001-05-09 00:00,,3,10,,695.8,,.9,,-53.9,-52.3,-55.4
89009,쒐초,2001-05-09 06:00,,3,10,,696.9,,.5,,-52.7,,
89009,쒐초,2001-05-09 12:00,,4,10,,697.4,,.2,,-55.3,-52,-55.9
89009,쒐초,2001-05-09 18:00,,4,11,,697.1,,.3,,-56.3,,
89009,쒐초,2001-05-10 00:00,,4,10,,696.9,,.1,,-59.1,-55.3,-60.9
89009,쒐초,2001-05-10 06:00,,2,15,,696.2,,.1,,-53.3,,
89009,쒐초,2001-05-10 12:00,,1,16,,696,,.1,,-48.7,-48.5,-59.2
89009,쒐초,2001-05-10 18:00,,36,18,,697,,.4,,-48.3,,
89009,쒐초,2001-05-11 00:00,,36,6,,697.5,,.9,,-51.4,,
89009,쒐초,2001-05-11 06:00,,36,6,,697.5,,.9,,-51.4,,
89009,쒐초,2001-05-11 12:00,,36,1,,696.5,,1,,-46,-46,-51.6
89009,쒐초,2001-05-11 18:00,,19,7,,694.3,,1.2,,-50.5,,
89009,쒐초,2001-05-12 00:00,,18,8,,692.4,,.8,,-44.4,-41.8,-51.1
89009,쒐초,2001-05-12 06:00,,19,7,,694.3,,1.2,,-50.5,,
89009,쒐초,2001-05-12 18:00,,8,5,,687.3,,0,,-46,,
89009,쒐초,2001-05-13 00:00,,6,4,,686.5,,.4,,-50.8,-43.8,-52.5
89009,쒐초,2001-05-13 06:00,,3,13,,684.9,,.6,,-52.2,,
89009,쒐초,2001-05-13 12:00,,4,15,,684,,.7,,-54.9,-50.6,-54.9
89009,쒐초,2001-05-13 18:00,,4,20,,682.2,,.7,,-55.8,,
89009,쒐초,2001-05-14 00:00,,4,17,,680.7,,.5,,-53.5,-53.5,-56.7
89009,쒐초,2001-05-14 06:00,,3,12,,679.4,,.1,,-52.1,-51.5,-53.5
89009,쒐초,2001-05-14 12:00,,8,8,,679.6,,.1,,-57.8,,
89009,쒐초,2001-05-15 00:00,,9,8,,680.1,,.5,,-59.8,-51.9,-60
89009,쒐초,2001-05-15 06:00,,9,9,,680.2,,.3,,-61.1,,
89009,쒐초,2001-05-15 12:00,,11,7,,680.1,,.2,,-62.5,-58.9,-62.6
89009,쒐초,2001-05-15 18:00,,9,9,,679.6,,.4,,-61.8,,
89009,쒐초,2001-05-16 12:00,,8,9,,675.2,,1.1,,-60.6,-60.4,-63.7
89009,쒐초,2001-05-16 18:00,,9,7,,675.2,,.2,,-63.1,,
89009,쒐초,2001-05-17 00:00,,8,7,,674,,.3,,-62.8,-60.5,-63.8
89009,쒐초,2001-05-17 06:00,,9,9,,673.8,,.1,,-64.9,,
89009,쒐초,2001-05-17 12:00,,10,6,,673.9,,.1,,-65.4,-62.8,-66.1
89009,쒐초,2001-05-17 18:00,,11,6,,673.9,,.1,,-65.1,,
89009,쒐초,2001-05-18 00:00,,10,5,,674.2,,.2,,-66.4,-63.9,-66.9
89009,쒐초,2001-05-18 12:00,,11,7,,676,,.2,,-67.4,-64.6,-67.7
89009,쒐초,2001-05-19 00:00,,12,5,,678,,.7,,-69,,
89009,쒐초,2001-05-19 06:00,,14,5,,678.5,,.7,,-68.9,,
89009,쒐초,2001-05-19 12:00,,13,5,,679.1,,.4,,-69.4,-64.7,-69.8
89009,쒐초,2001-05-19 18:00,,16,4,,680.2,,.8,,-69.7,,
89009,쒐초,2001-05-20 00:00,,13,6,,680.7,,.4,,-66,-65.3,-70.8
89009,쒐초,2001-05-20 06:00,,11,5,,681.7,,.4,,-67.3,-63.9,-67.3
89009,쒐초,2001-05-20 12:00,,11,5,,681.7,,.4,,-67.3,-63.9,-67.3
89009,쒐초,2001-05-21 06:00,,12,6,,682.9,,0,,-67.8,,
89009,쒐초,2001-05-21 12:00,,13,8,,682.7,,.5,,-68.1,-67.3,-71.7
89009,쒐초,2001-05-21 18:00,,13,5,,682.7,,.2,,-67,,
89009,쒐초,2001-05-22 00:00,,13,13,,682.4,,.4,,-67.4,-66.1,-68.1
89009,쒐초,2001-05-22 12:00,,11,8,,679.8,,.8,,-64.1,-64.1,-70
89009,쒐초,2001-05-22 18:00,,10,7,,678.6,,.5,,-66.6,,
89009,쒐초,2001-05-23 00:00,,9,9,,678.3,,0,,-65,-63.4,-68.5
89009,쒐초,2001-05-23 06:00,,6,11,,677.8,,.2,,-58,,
89009,쒐초,2001-05-23 12:00,,5,19,,678.2,,.4,,-54.2,-53.4,-65.1
89009,쒐초,2001-05-23 18:00,,5,21,,678.9,,.2,,-54.8,,
89009,쒐초,2001-05-24 00:00,,5,20,,679.2,,.2,,-56.4,-53.3,-56.6
89009,쒐초,2001-05-24 06:00,,3,18,,679.5,,.3,,-58.9,,
89009,쒐초,2001-05-24 12:00,,3,17,,681.6,,1.3,,-61.9,-56.2,-61.9
89009,쒐초,2001-05-24 18:00,,3,22,,,,1.1,-83.5,-58.1,,
89009,쒐초,2001-05-25 00:00,,2,25,,683.2,,.1,,-52.3,-51.7,-61.9
89009,쒐초,2001-05-25 06:00,,1,26,,681.1,,.5,,-50.1,,
89009,쒐초,2001-05-25 12:00,,1,27,,678.2,,1.8,,-45.4,-44.8,-52.3
89009,쒐초,2001-05-25 18:00,,36,24,,676.3,,.5,,-40.7,,
89009,쒐초,2001-05-26 00:00,,1,27,,678.2,,1.8,,-45.4,-44.8,-52.3
89009,쒐초,2001-05-26 06:00,70.5,6,20,,977,981.5,2.7,-32,-28.3,,
89009,쒐초,2001-05-26 12:00,65.5,9,8,,978.5,983,1.5,-36.5,-32.2,-25.1,-34.7
89009,쒐초,2001-05-26 18:00,,34,13,,678,,1.2,,-40.7,,
89009,쒐초,2001-05-27 06:00,,1,11,,680.8,,1.5,,-44.4,,
89009,쒐초,2001-05-27 12:00,,36,14,,681.9,,.6,,-47.7,-41.8,-47.7
89009,쒐초,2001-05-27 18:00,,36,15,,682.6,,.2,,-51.4,,
89009,쒐초,2001-05-28 00:00,,3,12,,682.3,,.6,,-49.6,-47.4,-52.2
89009,쒐초,2001-05-28 06:00,,3,13,,681.7,,.4,,-52.1,,
89009,쒐초,2001-05-28 18:00,,3,12,,679.1,,.3,,-53.6,,
89009,쒐초,2001-05-29 00:00,,3,12,,678.6,,.2,,-51.5,-51.4,-55.6
89009,쒐초,2001-05-29 06:00,,2,11,,678.3,,.1,,-50.1,,
89009,쒐초,2001-05-29 12:00,,3,14,,677.6,,.6,,-52.9,-47.9,-52.9
89009,쒐초,2001-05-29 18:00,,3,14,,676.4,,.5,,-49.4,,
89009,쒐초,2001-05-30 00:00,,3,16,,676.2,,.2,,-51.7,-48.5,-52.9
89009,쒐초,2001-05-30 06:00,,5,13,,676,,.1,,-53.6,,
89009,쒐초,2001-05-30 18:00,,3,12,,675.7,,0,,-57,,
89009,쒐초,2001-05-31 00:00,,3,12,,675.7,,0,,-57,,
89009,쒐초,2001-05-31 06:00,,3,13,,676.2,,.1,,-61.1,,
89009,쒐초,2001-05-31 12:00,,3,14,,677.5,,.6,,-60.7,-58.5,-62.5
89009,쒐초,2001-05-31 18:00,,2,8,,680.2,,1.5,,-62.2,,
89009,쒐초,2001-06-01 00:00,,2,14,,682.9,,.2,,-63,-60.6,-63.2
89009,쒐초,2001-06-01 06:00,,6,6,,685,,1.4,,-61.6,,
89009,쒐초,2001-06-01 12:00,,2,14,,686,,.5,,-60.8,-60.8,-63
89009,쒐초,2001-06-01 18:00,,1,18,,684.4,,1.1,,-56.6,,
89009,쒐초,2001-06-02 00:00,,1,12,,683.3,,.3,,-54.5,-54,-60.8
89009,쒐초,2001-06-02 06:00,,1,13,,682.1,,.5,,-56.8,,
89009,쒐초,2001-06-02 12:00,,36,9,,681.4,,.4,,-54.4,-54.2,-58.5
89009,쒐초,2001-06-02 18:00,,1,7,,679.8,,.6,,-51.8,,
89009,쒐초,2001-06-03 00:00,,36,11,,678.2,,1,,-50.3,-50.2,-54.4
89009,쒐초,2001-06-03 06:00,,36,16,,676.3,,.7,,-48.9,,
89009,쒐초,2001-06-03 12:00,,35,14,,673.9,,1.1,,-48.9,-47.6,-50.3
89009,쒐초,2001-06-04 00:00,,6,6,,671.4,,.1,,-61.3,-48.6,-61.4
89009,쒐초,2001-06-04 06:00,,7,3,,671.3,,.5,,-63.4,,
89009,쒐초,2001-06-04 12:00,,10,7,,672.4,,.6,,-66.5,-61.3,-66.6
89009,쒐초,2001-06-04 18:00,,13,5,,673.4,,.8,,-67,,
89009,쒐초,2001-06-05 00:00,,8,6,,675.6,,.7,,-61,-60.8,-67.6
89009,쒐초,2001-06-05 12:00,,9,8,,682,,1.6,,-59.9,-58.7,-62.3
89009,쒐초,2001-06-05 18:00,,13,5,,684.8,,1.7,,-61.4,,
89009,쒐초,2001-06-06 06:00,,8,6,,688.7,,.8,,-60.1,,
89009,쒐초,2001-06-06 12:00,,8,7,,689.9,,.5,-63.1,-63.1,,
89009,쒐초,2001-06-06 18:00,,8,10,,691,,.4,,-63.5,,
89009,쒐초,2001-06-07 00:00,,8,11,,691.7,,.2,,-62.9,-62.5,-64.4
89009,쒐초,2001-06-07 06:00,,8,9,,692.1,,.3,,-61.2,,
89009,쒐초,2001-06-07 12:00,,7,10,,692.6,,.1,,-61.3,-60.1,-63.4
89009,쒐초,2001-06-07 18:00,,5,10,,692.8,,.3,,-56.2,,
89009,쒐초,2001-06-08 00:00,,4,11,,691.8,,.5,,-49.1,-49,-61.3
89009,쒐초,2001-06-08 06:00,,8,10,,690.5,,.5,,-58.2,,
89009,쒐초,2001-06-08 18:00,,13,2,,688.8,,.7,,-66.2,,
89009,쒐초,2001-06-09 00:00,,11,8,,687.3,,.6,,-66.7,-61,-67.4
89009,쒐초,2001-06-09 06:00,,10,6,,685.5,,.9,,-65.9,,
89009,쒐초,2001-06-09 18:00,,11,7,,682.8,,.7,,-66.8,,
89009,쒐초,2001-06-10 00:00,,7,10,,683.3,,.2,,-64.8,-64.8,-68
89009,쒐초,2001-06-10 06:00,,9,10,,683.5,,.2,,-66.9,,
89009,쒐초,2001-06-10 12:00,,6,9,,684.7,,.8,,-64.4,-60.5,-67.7
89009,쒐초,2001-06-10 18:00,,7,10,,685.5,,.2,,-63.8,,
89009,쒐초,2001-06-11 00:00,,7,9,,686,,0,,-63.8,-62.5,-67.3
89009,쒐초,2001-06-11 12:00,,9,10,,684.3,,.6,,-64.8,-62.2,-65.5
89009,쒐초,2001-06-11 18:00,,7,12,,683,,.6,,-62.9,,
89009,쒐초,2001-06-12 00:00,,5,11,,682.4,,.1,,-56.1,-54.9,-65.6
89009,쒐초,2001-06-12 06:00,,3,10,,682.7,,.7,,-52.2,,
89009,쒐초,2001-06-12 12:00,,9,10,,684.3,,.6,,-64.8,-62.2,-65.5
89009,쒐초,2001-06-12 18:00,,36,16,,686.8,,1.3,,-51.9,,
89009,쒐초,2001-06-13 00:00,,36,18,,690,,1.6,,-51.7,-50.2,-53.9
89009,쒐초,2001-06-13 06:00,,1,15,,692.5,,1,,-48.8,,
89009,쒐초,2001-06-13 12:00,,1,16,,693.3,,.3,,-49.8,-48,-52.1
89009,쒐초,2001-06-13 18:00,,3,15,,693.6,,.1,,-51.9,,
89009,쒐초,2001-06-14 00:00,,6,6,,693.3,,0,,-55.8,-49.3,-56
89009,쒐초,2001-06-14 06:00,,5,12,,692.2,,.6,,-52.2,,
89009,쒐초,2001-06-14 12:00,,69,8,,,,.3,,,-47.2,-57.2
89009,쒐초,2001-06-14 18:00,,6,7,,690.2,,.1,,-50.4,,
89009,쒐초,2001-06-15 00:00,,3,13,,689.6,,.6,,-51.4,-47.6,-51.9
89009,쒐초,2001-06-15 06:00,,4,10,,689.2,,.2,,-52.8,,
89009,쒐초,2001-06-15 18:00,,3,11,,688.9,,.1,,-56.5,,
89009,쒐초,2001-06-16 06:00,,4,11,,688.8,,.3,,-56.6,,
89009,쒐초,2001-06-16 18:00,,7,7,,687.6,,.6,,-62.1,,
89009,쒐초,2001-06-17 00:00,,8,10,,687.1,,.3,,-61.6,-60.6,-63.4
89009,쒐초,2001-06-17 12:00,,4,12,,685.8,,.2,,-56.6,-56.3,-62.3
89009,쒐초,2001-06-17 18:00,,3,16,,684.9,,.4,,-55.6,,
89009,쒐초,2001-06-18 00:00,,3,16,,684.1,,.5,,-57.4,-55,-57.4
89009,쒐초,2001-06-18 06:00,,4,16,,681.9,,.9,,-54.7,,
89009,쒐초,2001-06-18 12:00,,3,17,,,,.5,-80.6,-55.8,-53.1,-57.4
89009,쒐초,2001-06-18 18:00,,3,21,,678.5,,1.3,,-53.9,,
89009,쒐초,2001-06-19 00:00,,3,24,,675,,2.1,,-51.4,-51.1,-56.4
89009,쒐초,2001-06-19 06:00,,3,23,,670.2,,2.2,,-48.4,,
89009,쒐초,2001-06-19 12:00,,2,23,,668.9,,.1,,-51.1,-48,-51.4
89009,쒐초,2001-06-19 18:00,,2,19,,671.5,,1.6,,-56.5,,
89009,쒐초,2001-06-20 00:00,,3,20,,674.7,,.8,,-57.9,-51,-58.4
89009,쒐초,2001-06-20 06:00,,5,13,,676.3,,.6,,-55.6,,
89009,쒐초,2001-06-20 12:00,,3,17,,876.3,,.1,,-54.1,-53.6,-57.9
89009,쒐초,2001-06-20 18:00,,3,17,,676.3,,.4,,-53,,
89009,쒐초,2001-06-21 00:00,,3,14,,676.6,,.4,,-57.4,-51.6,-57.4
89009,쒐초,2001-06-21 06:00,,4,9,,677.7,,.7,,-61,,
89009,쒐초,2001-06-21 12:00,,7,8,,978.3,,.2,,-66.6,-57.3,-67.6
89009,쒐초,2001-06-21 18:00,,7,11,,677.8,,.3,,-68.9,,
89009,쒐초,2001-06-22 00:00,,3,13,,676.8,,.8,,-63.5,-62.8,-70
89009,쒐초,2001-06-22 06:00,,2,18,,676,,.4,,-63.7,,
89009,쒐초,2001-06-22 12:00,,1,24,,674.4,,1.2,,-55.9,-55.9,-63.9
89009,쒐초,2001-06-22 18:00,,1,10,,675.1,,.2,,-57.8,,
89009,쒐초,2001-06-23 00:00,,2,4,,675.6,,.3,,-58.8,-55.3,-58.2
89009,쒐초,2001-06-23 06:00,,6,10,,674.5,,.7,,-66.2,,
89009,쒐초,2001-06-23 18:00,,9,8,,671.4,,.1,,-62.9,,
89009,쒐초,2001-06-24 00:00,,13,10,,673.3,,1.5,,-63.8,-60.8,-66.2
89009,쒐초,2001-06-24 12:00,,13,13,,674.1,,.3,,-58.3,-58.3,-63.9
89009,쒐초,2001-06-24 18:00,,14,23,,671.4,,2.2,,-58.3,,
89009,쒐초,2001-06-25 00:00,,12,22,,670.1,,.4,,-55.7,-54.4,-59.2
89009,쒐초,2001-06-25 06:00,,11,18,,670.9,,.3,,-60.9,,
89009,쒐초,2001-06-25 12:00,,12,19,,671,,0,,-64.2,-55.7,-64.2
89009,쒐초,2001-06-25 18:00,,11,13,,672,,.4,,-66.6,,
89009,쒐초,2001-06-26 00:00,,12,12,,672.5,,.3,,-67.3,-64.2,-67.3
89009,쒐초,2001-06-26 06:00,,11,15,,672.7,,.3,,-66.7,,
89009,쒐초,2001-06-26 12:00,,9,13,,673.4,,.5,,-63.9,-63.9,-68.2
89009,쒐초,2001-06-26 18:00,,9,14,,673.2,,.3,,-62,,
89009,쒐초,2001-06-27 00:00,,8,11,,671.8,,.6,,-60.5,-59.2,-64
89009,쒐초,2001-06-27 12:00,,4,14,,668.2,,.4,,-45.2,-45.2,-60.5
89009,쒐초,2001-06-27 18:00,,5,12,,667.5,,.8,,-46.2,,
89009,쒐초,2001-06-28 00:00,,1,15,,669,,.7,,-43,-42.6,-50.7
89009,쒐초,2001-06-28 06:00,,6,13,,671.2,,.8,,-54,,
89009,쒐초,2001-06-28 12:00,,4,17,,673.7,,1.2,,-53.5,-42.8,-54.7
89009,쒐초,2001-06-28 18:00,,2,19,,672.3,,.7,,-48.3,,
89009,쒐초,2001-06-29 00:00,,1,20,,672.3,,.3,,-41.9,-41.8,-53.8
89009,쒐초,2001-06-29 06:00,,1,20,,672.6,,.4,,-42,,
89009,쒐초,2001-06-29 12:00,,1,15,,673.8,,1,,-45.5,-41.7,-45.6
89009,쒐초,2001-06-29 18:00,,36,10,,675.9,,1.5,,-48.5,,
89009,쒐초,2001-06-30 00:00,,36,9,,677.6,,.7,,-53,-44.7,-53.1
89009,쒐초,2001-06-30 06:00,,7,5,,678.4,,.4,,-59,,
89009,쒐초,2001-06-30 12:00,,2,4,,678.6,,0,,-56.2,-53,-59.7
89009,쒐초,2001-06-30 18:00,,36,9,,678.8,,.5,,-52.7,,
89009,쒐초,2001-07-01 00:00,,3,9,,679.6,,.6,,-58.9,-51,-58.9
89009,쒐초,2001-07-01 06:00,,5,8,,679.9,,.4,,-60.9,,
89009,쒐초,2001-07-01 12:00,,5,7,,679.1,,.3,,-64.3,-58.8,-65
89009,쒐초,2001-07-01 18:00,,6,8,,677.5,,.9,,-67.7,,
89009,쒐초,2001-07-02 06:00,,7,8,,673.7,,.6,,-63.7,,
89009,쒐초,2001-07-02 12:00,,6,6,,673.5,,.1,,-63.4,-63.4,-67.1
89009,쒐초,2001-07-02 18:00,,5,8,,673.1,,.2,,-64,,
89009,쒐초,2001-07-03 00:00,,5,8,,674,,.3,,-63.5,-62.5,-64.3
89009,쒐초,2001-07-03 06:00,,6,6,,674.9,,.5,,-66,,
89009,쒐초,2001-07-03 12:00,,5,5,,675.9,,.5,,-64.5,-63.3,-66.4
89009,쒐초,2001-07-03 18:00,,6,3,,676,,.3,,-66.5,,
89009,쒐초,2001-07-04 06:00,,8,6,,673.8,,.4,,-69.6,,
89009,쒐초,2001-07-04 18:00,,2,7,,672.6,,.1,,-68.4,,
89009,쒐초,2001-07-05 00:00,,2,6,,672.6,,.1,,-67.2,-66.3,-69.1
89009,쒐초,2001-07-05 06:00,,1,10,,672.7,,0,,-66.4,,
89009,쒐초,2001-07-05 12:00,,1,12,,672.4,,.3,,-63.4,-63.4,-67.3
89009,쒐초,2001-07-05 18:00,,36,18,,671.8,,.6,,-58.8,,
89009,쒐초,2001-07-06 00:00,,35,15,,671.2,,.4,,-57.8,-56.7,-63.4
89009,쒐초,2001-07-06 06:00,,1,12,,671.2,,.4,,-56.3,,
89009,쒐초,2001-07-06 12:00,,36,14,,671.1,,.1,,-56.3,-55.4,-57.8
89009,쒐초,2001-07-06 18:00,,1,9,,671.4,,0,,-57.4,,
89009,쒐초,2001-07-07 00:00,,1,18,,671.2,,.3,,-59.7,-56.2,-59.7
89009,쒐초,2001-07-07 06:00,,1,15,,672.2,,1,,-59.3,,
89009,쒐초,2001-07-07 12:00,,36,18,,670.3,,.4,,-58.6,-57.5,-58.9
89009,쒐초,2001-07-07 18:00,,2,11,,676.5,,.8,,-62.3,,
89009,쒐초,2001-07-10 06:00,,7,1,,688.7,,.6,,-62.5,,
89009,쒐초,2001-07-10 12:00,,9,6,,689.1,,.7,,-63,-30.1,-66.7
89009,쒐초,2001-07-10 18:00,,9,10,,688.4,,.3,,-61.8,,
89009,쒐초,2001-07-11 00:00,,12,13,,685.9,,1.6,,-59.5,-59.4,-65.4
89009,쒐초,2001-07-11 06:00,,14,13,,681.7,,2.5,,-59.8,,
89009,쒐초,2001-07-11 12:00,,10,6,,681.4,,.5,,-63.8,-56.8,-64
89009,쒐초,2001-07-11 18:00,,10,14,,680.6,,.1,,-66.2,,
89009,쒐초,2001-07-12 00:00,,6,11,,681.9,,1.2,,-63.8,-61.9,-66.8
89009,쒐초,2001-07-12 06:00,,2,15,,686.4,,2,,-55.3,,
89009,쒐초,2001-07-12 12:00,,4,14,,688.9,,1.2,,-50.4,-49.5,-64.4
89009,쒐초,2001-07-12 18:00,,6,11,,689.4,,0,,-46.8,,
89009,쒐초,2001-07-13 00:00,,5,15,,687.9,,1.2,,-42.8,-42.8,-55.1
89009,쒐초,2001-07-13 06:00,,4,18,,687.1,,.2,,-40.4,,
89009,쒐초,2001-07-13 12:00,,3,21,,687.8,,21,,-43.8,-40.1,-43.9
89009,쒐초,2001-07-13 18:00,,2,25,,688.7,,.6,,-44,,
89009,쒐초,2001-07-14 00:00,,2,16,,693.1,,2.2,,-47.4,-43.5,-47.5
89009,쒐초,2001-07-14 06:00,,4,20,,694.4,,1,,-47.4,-47.3,-50.6
89009,쒐초,2001-07-14 18:00,,3,22,,694.1,,.1,,-45.5,,
89009,쒐초,2001-07-15 00:00,,4,14,,693.2,,.4,,-46.2,-44.4,-47.6
89009,쒐초,2001-07-15 06:00,,7,13,,690.5,,1,,-49.6,,
89009,쒐초,2001-07-15 12:00,,6,17,,689.3,,.6,,-48.4,-44.8,-50.5
89009,쒐초,2001-07-15 18:00,,5,20,,689.4,,.1,,-48.3,,
89009,쒐초,2001-07-16 00:00,,5,15,,692.1,,1,,-50.5,-47.9,-50.5
89009,쒐초,2001-07-16 06:00,,6,12,,694.2,,.6,,-53.8,,
89009,쒐초,2001-07-16 12:00,,8,7,,695.3,,.3,,-58.5,-50.3,-58.8
89009,쒐초,2001-07-16 18:00,,7,13,,694.1,,.4,,-57.4,,
89009,쒐초,2001-07-17 00:00,,9,14,,691.6,,1.8,,-56.7,-55.3,-59.5
89009,쒐초,2001-07-17 06:00,,11,10,,688.9,,1.2,,-57.4,,
89009,쒐초,2001-07-17 18:00,,11,9,,686.2,,.1,,-58.1,,
89009,쒐초,2001-07-18 00:00,,12,7,,687.5,,.8,,-63,-55.5,-63
89009,쒐초,2001-07-18 06:00,,12,6,,689.8,,.9,,-66.1,,
89009,쒐초,2001-07-18 12:00,,7,9,,691.7,,.9,,-66.3,-66,-67.3
89009,쒐초,2001-07-18 18:00,,8,10,,692.7,,.2,,-66.5,,
89009,쒐초,2001-07-19 00:00,,8,7,,693,,.1,,-63.1,-62.8,-67.8
89009,쒐초,2001-07-19 06:00,,8,7,,692.4,,.4,,-63.8,,
89009,쒐초,2001-07-19 12:00,,8,9,,691.6,,.3,,-63.8,-62.9,-64.1
89009,쒐초,2001-07-19 18:00,,8,8,,690.6,,.3,,-62.1,,
89009,쒐초,2001-07-20 00:00,,10,7,,688.9,,1,,-61,-59.8,-63.8
89009,쒐초,2001-07-20 06:00,,10,14,,686.8,,1,,-55.8,,
89009,쒐초,2001-07-20 18:00,,9,9,,688.6,,.5,,-60.3,,
89009,쒐초,2001-07-21 00:00,,8,9,,689.8,,.6,,-61.7,-57.2,-62.1
89009,쒐초,2001-07-21 06:00,,8,10,,690,,.1,,-63.3,,
89009,쒐초,2001-07-21 12:00,,9,9,,689.9,,.6,,-61.6,,
89009,쒐초,2001-07-22 00:00,,8,10,,689,,.4,,-61,-60.4,-62.7
89009,쒐초,2001-07-22 06:00,,7,14,,687.1,,.9,,-54.6,,
89009,쒐초,2001-07-22 18:00,,4,14,,683.5,,.7,,-45.2,,
89009,쒐초,2001-07-23 00:00,,3,20,,685.3,,1,,-47.4,-47.3,-61
89009,쒐초,2001-07-23 06:00,,3,20,,679.7,,.3,,-50.4,,
89009,쒐초,2001-07-23 12:00,,5,14,,678.5,,.4,,-52.2,-46.5,-52.2
89009,쒐초,2001-07-23 18:00,,4,15,,676.6,,.9,,-52.4,,
89009,쒐초,2001-07-24 00:00,,6,12,,675.6,,.6,,-52.1,-51.3,-55
89009,쒐초,2001-07-24 06:00,,5,12,,675.2,,.3,,-57.4,,
89009,쒐초,2001-07-24 12:00,,3,10,,675.9,,.6,,-59.3,-51.6,-60.4
89009,쒐초,2001-07-24 18:00,,5,6,,676.6,,.5,,-62.1,,
89009,쒐초,2001-07-25 00:00,,6,6,,677.4,,.4,,-61,-54.8,-63.1
89009,쒐초,2001-07-25 06:00,,6,10,,677.2,,.2,,-64.7,,
89009,쒐초,2001-07-25 12:00,,7,11,,676.6,,.4,,-65.6,-60.9,-66.1
89009,쒐초,2001-07-25 18:00,,8,9,,675.4,,.9,,-64.3,,
89009,쒐초,2001-07-26 06:00,,8,5,,673.8,,.4,,-67.5,,
89009,쒐초,2001-07-26 12:00,,10,10,,673.5,,.1,,-65,-64.9,-69.4
89009,쒐초,2001-07-26 18:00,,10,11,,673.2,,0,,-64.3,,
89009,쒐초,2001-07-27 00:00,,11,8,,673.3,,0,,-64.6,-63.9,-65.6
89009,쒐초,2001-07-27 06:00,,11,7,,673.5,,.1,,-64.8,,
89009,쒐초,2001-07-27 12:00,,11,8,,673.8,,.2,,-65.3,-64.2,-69.4
89009,쒐초,2001-07-27 18:00,,11,8,,674,,.2,,-69.9,,
89009,쒐초,2001-07-28 00:00,,11,7,,674.2,,0,,-70.6,-65.3,-70.7
89009,쒐초,2001-07-28 06:00,,11,7,,674.6,,.2,,-70.8,,
89009,쒐초,2001-07-28 12:00,,11,8,,675.2,,.6,,-71.1,-70.3,-72
89009,쒐초,2001-07-28 18:00,,11,8,,676.2,,.5,,-71.2,,
89009,쒐초,2001-07-29 06:00,,10,8,,677.3,,0,,-68.8,,
89009,쒐초,2001-07-29 12:00,,10,8,,676.7,,.6,,-68.9,-66.1,-71.8
89009,쒐초,2001-07-30 00:00,,10,8,,672.3,,1.2,,-70.4,,
89009,쒐초,2001-07-30 12:00,,10,9,,670.2,,1.2,,-69.8,-69.5,-75.1
89009,쒐초,2001-07-30 18:00,,9,10,,669,,.3,,-68.6,,
89009,쒐초,2001-07-31 00:00,,9,11,,667.3,,.9,,-68.3,-68.1,-70
89009,쒐초,2001-07-31 12:00,,7,14,,666.5,,.2,,-67.8,-67.7,-69.4
89009,쒐초,2001-07-31 18:00,,8,14,,666.1,,.7,,-64.6,,
89009,쒐초,2001-08-01 00:00,,10,12,,663.2,,1,,-65,-64.4,-67.8
89009,쒐초,2001-08-01 06:00,,10,9,,659.9,,1.8,,-68.6,,
89009,쒐초,2001-08-01 12:00,,9,12,,658.6,,.4,,-69,-64.7,-70.1
89009,쒐초,2001-08-01 18:00,,9,13,,658.6,,.2,,-69.9,,
89009,쒐초,2001-08-02 00:00,,9,13,,658.7,,.2,,-67.8,-66.5,-70.6
89009,쒐초,2001-08-02 06:00,,9,9,,658.2,,0,,-73.3,,
89009,쒐초,2001-08-02 12:00,,10,6,,657.6,,.3,,-74.1,-67.6,-74.2
89009,쒐초,2001-08-02 18:00,,10,8,,656.7,,.5,,-75.7,,
89009,쒐초,2001-08-03 00:00,,11,7,,656.9,,.2,,-72.3,-70.9,-75.7
89009,쒐초,2001-08-03 06:00,,11,6,,656.8,,.1,,-71.6,,
89009,쒐초,2001-08-03 12:00,,11,6,,657.2,,.3,,-76.2,-71.3,-76.5
89009,쒐초,2001-08-03 18:00,,11,8,,657.2,,.1,,-72.7,,
89009,쒐초,2001-08-04 00:00,,11,5,,658.4,,.3,,-73.8,-72.2,-76.9
89009,쒐초,2001-08-04 06:00,,9,10,,659,,.2,,-72.6,,
89009,쒐초,2001-08-04 12:00,,8,9,,660,,.4,,-75.7,-72.4,-77
89009,쒐초,2001-08-05 00:00,,6,11,,663.8,,1,,-73,-71.5,-76.1
89009,쒐초,2001-08-05 06:00,,6,11,,666,,.8,,-71.9,,
89009,쒐초,2001-08-05 18:00,,10,9,,667.2,,.2,,-71.5,,
89009,쒐초,2001-08-06 00:00,,10,11,,665.8,,.1,,-70.5,-70.1,-74.8
89009,쒐초,2001-08-06 06:00,,10,11,,663.8,,.9,,-69.7,,
89009,쒐초,2001-08-06 12:00,,8,11,,662.2,,.9,,-72.5,-69.4,-74.2
89009,쒐초,2001-08-06 18:00,,7,12,,661.6,,0,,-70.5,,
89009,쒐초,2001-08-07 06:00,,8,13,,660.2,,.6,,-70.8,,
89009,쒐초,2001-08-07 12:00,,8,13,,660.2,,.6,,-70.8,,
89009,쒐초,2001-08-07 18:00,,7,11,,661.6,,.4,,-74.8,,
89009,쒐초,2001-08-08 00:00,,19,24,,664.2,,1.3,,-69.1,-69.1,-75.1
89009,쒐초,2001-08-08 06:00,,2,17,,665.6,,.6,,-65.1,,
89009,쒐초,2001-08-08 12:00,,3,17,,666.5,,.3,,-62.8,-61.7,-69.1
89009,쒐초,2001-08-08 18:00,,1,19,,666.5,,.1,,-58.1,,
89009,쒐초,2001-08-09 00:00,,2,20,,666.7,,0,,-55.8,-55.8,-62.8
89009,쒐초,2001-08-09 18:00,,2,21,,665.9,,0,,-58,,
89009,쒐초,2001-08-10 00:00,,3,16,,667,,.4,,-58.6,-55.2,-58.6
89009,쒐초,2001-08-10 06:00,,4,13,,667.2,,.1,,-58.7,,
89009,쒐초,2001-08-10 12:00,,5,13,,666.5,,.3,,-58.2,-57.9,-58.8
89009,쒐초,2001-08-10 18:00,,4,15,,664.8,,.9,,-57.8,,
89009,쒐초,2001-08-11 00:00,,6,11,,663.2,,.7,,-58.9,-57.1,-59.2
89009,쒐초,2001-08-11 06:00,,6,15,,660.4,,1.3,,-62.2,,
89009,쒐초,2001-08-11 12:00,,7,15,,658.1,,.9,,-62,-58.8,-63.5
89009,쒐초,2001-08-11 18:00,,8,11,,656.2,,.4,,-63.8,,
89009,쒐초,2001-08-12 12:00,,3,13,,658.1,,1.5,,-59.3,-58.6,-66.2
89009,쒐초,2001-08-12 18:00,,3,10,,661.1,,1.7,,-62.5,,
89009,쒐초,2001-08-13 00:00,,14,40,,665.3,,2.1,,40.6,-59.2,-65.6
89009,쒐초,2001-08-13 12:00,,5,10,,669.8,,.5,,-65.5,-63.9,-66.1
89009,쒐초,2001-08-13 18:00,,2,18,,669.5,,0,,-61.5,,
89009,쒐초,2001-08-14 00:00,,4,12,,670.5,,.4,,-60,-60,-65.8
89009,쒐초,2001-08-14 06:00,,3,15,,670.1,,.1,,-60.8,,
89009,쒐초,2001-08-14 12:00,,2,17,,670.1,,.1,,-59.5,-58.1,-60.9
89009,쒐초,2001-08-14 18:00,,5,11,,670.9,,.2,,-62.5,,
89009,쒐초,2001-08-15 00:00,,6,12,,671.7,,.7,,-65.6,-59.2,-65.9
89009,쒐초,2001-08-15 06:00,,9,10,,671.9,,.1,,-67,,
89009,쒐초,2001-08-15 12:00,,8,12,,673.1,,.6,,-66.7,-64.6,-68
89009,쒐초,2001-08-15 18:00,,5,11,,674.6,,.8,,-58.2,,
89009,쒐초,2001-08-16 00:00,,3,16,,677.3,,1.4,,-56.6,-55.3,-66.7
89009,쒐초,2001-08-16 06:00,,2,18,,679.3,,.7,,-55.1,,
89009,쒐초,2001-08-16 12:00,,4,17,,680.8,,.8,,-54.4,-54,-56.7
89009,쒐초,2001-08-16 18:00,,2,23,,681.2,,.4,,-52.3,,
89009,쒐초,2001-08-17 00:00,,3,17,,683.2,,.7,,-49.6,-49.6,-54.4
89009,쒐초,2001-08-17 12:00,,5,13,,687.1,,1.2,,-51.7,-48.8,-51
89009,쒐초,2001-08-17 18:00,,6,11,,688.5,,.9,,-54.2,,
89009,쒐초,2001-08-18 00:00,,7,14,,689.9,,.8,,-58.8,-51.3,-59.6
89009,쒐초,2001-08-18 06:00,,8,13,,690.3,,.2,,-61.6,,
89009,쒐초,2001-08-18 12:00,,10,8,,690.4,,.1,,-63.6,-58.7,-64.8
89009,쒐초,2001-08-18 18:00,,11,9,,689.3,,.7,,-62.4,,
89009,쒐초,2001-08-19 00:00,,11,8,,687.9,,.5,,-62,-61.8,-65.9
89009,쒐초,2001-08-19 06:00,,11,8,,685.8,,.8,,-68.2,,
89009,쒐초,2001-08-19 12:00,,11,4,,683.7,,.9,,-69.4,-61.2,-70.6
89009,쒐초,2001-08-20 00:00,,10,6,,681.7,,0,,-65.4,-62.5,-70.1
89009,쒐초,2001-08-20 06:00,,9,6,,682.2,,.4,,-68,,
89009,쒐초,2001-08-20 12:00,,10,7,,682.9,,.5,,-71.5,-65.3,-71.5
89009,쒐초,2001-08-20 18:00,,8,6,,683.1,,.1,,-72,,
89009,쒐초,2001-08-21 00:00,,12,5,,682,,.8,,-70.7,-70.1,-73.7
89009,쒐초,2001-08-21 06:00,,10,6,,679.4,,1.2,,-69.8,,
89009,쒐초,2001-08-21 12:00,,8,9,,675.5,,2.1,,-72.4,-67.9,-72.5
89009,쒐초,2001-08-21 18:00,,6,10,,672,,1.7,,-73.6,,
89009,쒐초,2001-08-22 00:00,,4,15,,669.1,,1.2,,-69.6,-69.5,-74.6
89009,쒐초,2001-08-22 06:00,,2,22,,667.7,,.5,,-64.8,-71,
89009,쒐초,2001-08-22 12:00,,3,20,,668,,.5,,-62,-61.1,-69.6
89009,쒐초,2001-08-23 00:00,,2,24,,666,,.3,,-54.2,-54.2,-62
89009,쒐초,2001-08-23 06:00,,36,23,,664.6,,.4,,-50,,
89009,쒐초,2001-08-23 12:00,,36,21,,665.5,,.9,,-45.3,-45.2,-54.6
89009,쒐초,2001-08-23 18:00,,33,23,,668,,1.2,,-41.3,,
89009,쒐초,2001-08-24 00:00,,36,15,,671,,1.2,,-42.1,-40.4,-45.3
89009,쒐초,2001-08-24 06:00,,1,17,,671.3,,.1,,-46.3,,
89009,쒐초,2001-08-24 12:00,,1,22,,670.9,,.1,,-46.7,-42,-48.2
89009,쒐초,2001-08-24 18:00,,36,17,,671.2,,.8,,-48.2,,
89009,쒐초,2001-08-25 00:00,,2,16,,671.2,,.4,,-51.4,-47.3,-52.1
89009,쒐초,2001-08-25 06:00,,2,23,,668.8,,1.2,,-52.2,,
89009,쒐초,2001-08-25 12:00,,3,22,,667.3,,.3,,-52.8,-50.5,-53.7
89009,쒐초,2001-08-25 18:00,,3,13,,667.2,,0,,-55.1,,
89009,쒐초,2001-08-26 00:00,,2,12,,667.5,,.4,,-58.7,,
89009,쒐초,2001-08-26 06:00,,1,14,,668.8,,.9,,-60.6,,
89009,쒐초,2001-08-26 12:00,,1,15,,671,,1.3,,-59.3,-57.4,-60.7
89009,쒐초,2001-08-26 18:00,,3,13,,673.5,,1.2,,-60.8,,
89009,쒐초,2001-08-27 06:00,,3,15,,678.1,,1.1,,-61.6,,
89009,쒐초,2001-08-27 12:00,,5,12,,680.6,,1,,-62.7,-59.6,-63.3
89009,쒐초,2001-08-27 18:00,,7,10,,681.9,,.9,,-67,,
89009,쒐초,2001-08-28 00:00,,8,11,,683.3,,.6,,-68.4,-62.6,-69.2
89009,쒐초,2001-08-28 06:00,,8,7,,683.5,,.2,,-70,,
89009,쒐초,2001-08-28 12:00,,8,7,,683.2,,.4,,-68.3,-68.1,-71.2
89009,쒐초,2001-08-29 06:00,,11,9,,680.5,,.4,,-66.8,,
89009,쒐초,2001-08-29 12:00,,10,10,,679.7,,.4,,-67.2,-64.6,-67.7
89009,쒐초,2001-08-29 18:00,,12,12,,678.6,,.5,,-69.1,,
89009,쒐초,2001-08-30 00:00,,11,11,,677.8,,.3,,-68.7,-67.2,-69.1
89009,쒐초,2001-08-30 06:00,,10,11,,676.6,,.2,,-69.1,,
89009,쒐초,2001-08-30 18:00,,10,9,,675,,.2,,-67.8,,
89009,쒐초,2001-08-31 00:00,,10,11,,675,,0,,-67.3,-66.9,-69.6
89009,쒐초,2001-08-31 06:00,,9,10,,675,,.7,,-67.7,,
89009,쒐초,2001-08-31 12:00,,10,11,,676.1,,.2,,-71.6,-67.3,-72
89009,쒐초,2001-08-31 18:00,,9,4,,677.4,,.7,,-70.9,,
89009,쒐초,2001-09-01 00:00,,9,5,,678.9,,.5,,-72.9,-68.4,-73.5
89009,쒐초,2001-09-01 06:00,,8,9,,681,,1.1,,-73.2,,
89009,쒐초,2001-09-01 12:00,,7,10,,682.2,,.8,,-71,-70,-73.2
89009,쒐초,2001-09-01 18:00,,6,8,,683.9,,.8,,-67.7,,
89009,쒐초,2001-09-02 00:00,,4,14,,684.7,,.8,,-60,-59.8,-72.4
89009,쒐초,2001-09-02 06:00,,5,9,,686.6,,.3,,-56,-55,-60
89009,쒐초,2001-09-03 00:00,,12,12,,684.7,,1.2,,-59,-54.8,-60
89009,쒐초,2001-09-03 12:00,,12,11,,679,,1.1,,-57.2,-55.7,-59
89009,쒐초,2001-09-03 18:00,,11,14,,675.5,,1.8,,-60,,
89009,쒐초,2001-09-04 12:00,,10,9,,666.9,,.4,,-66.3,-57.2,-66.6
89009,쒐초,2001-09-04 18:00,,8,10,,666.6,,0,,-68.2,,
89009,쒐초,2001-09-05 00:00,,8,10,,667,,.4,,-69.5,-66.3,-69.9
89009,쒐초,2001-09-05 06:00,,6,10,,667.5,,.5,,-70.5,,
89009,쒐초,2001-09-05 12:00,,5,12,,668.4,,.7,,-68.4,-67.5,-72.2
89009,쒐초,2001-09-05 18:00,,3,13,,670.3,,1.1,,-67.7,,
89009,쒐초,2001-09-06 00:00,,2,15,,672.1,,1.2,,-65.7,-64.4,-68.2
89009,쒐초,2001-09-06 06:00,,36,13,,674.1,,1.2,,-61.1,,
89009,쒐초,2001-09-06 12:00,,1,14,,676.9,,1.5,,-57.4,-57.4,-65.8
89009,쒐초,2001-09-06 18:00,,36,13,,674.1,,1.2,,-61.1,,
89009,쒐초,2001-09-07 00:00,,31,,,682.8,,1,,-54.9,-52.9,-57.5
89009,쒐초,2001-09-07 06:00,,5,13,,684,,.1,,-55.8,,
89009,쒐초,2001-09-07 12:00,,3,13,,685.4,,1.1,,-53.1,-52.5,-58.3
89009,쒐초,2001-09-07 18:00,,4,13,,686.6,,.8,,-54.5,,
89009,쒐초,2001-09-08 00:00,,4,12,,687.8,,.7,,-55.4,-52.8,-56.2
89009,쒐초,2001-09-08 18:00,,6,12,,686.5,,.3,,-60.7,,
89009,쒐초,2001-09-09 00:00,,6,9,,687.2,,.5,,-62.6,-57.5,-63.2
89009,쒐초,2001-09-09 18:00,,7,14,,684.3,,1.1,,-63.2,,
89009,쒐초,2001-09-10 06:00,,5,16,,681.7,,.4,,-56.9,,
89009,쒐초,2001-09-10 18:00,,2,19,,680.1,,.1,,-48.4,,
89009,쒐초,2001-09-11 00:00,,1,17,,682.6,,1,,-52,-47.8,-56.6
89009,쒐초,2001-09-11 06:00,,3,16,,684.2,,.9,,-49.7,,
89009,쒐초,2001-09-11 12:00,,3,20,,684.5,,.3,,-42.6,-42.5,-52
89009,쒐초,2001-09-11 18:00,,1,15,,685.9,,2.1,,-38.4,,
89009,쒐초,2001-09-12 00:00,,36,22,,686.9,,.4,,-34.8,-34.7,-42.6
89009,쒐초,2001-09-12 06:00,,36,26,,687.1,,.1,,-35.6,,
89009,쒐초,2001-09-12 18:00,,33,23,,690.4,,.8,,-34,,
89009,쒐초,2001-09-13 00:00,,34,15,,693.2,,1.4,,-37.9,-33.8,-38.5
89009,쒐초,2001-09-13 06:00,,33,18,,695.4,,1.2,,-37.3,,
89009,쒐초,2001-09-13 12:00,,34,18,,697.2,,1.3,,-40.1,-36.6,-40.6
89009,쒐초,2001-09-13 18:00,,5,7,,699,,.6,,-46.7,,
89009,쒐초,2001-09-14 00:00,,2,12,,698,,.6,,-50.9,,
89009,쒐초,2001-09-14 12:00,,36,16,,696.2,,1.1,,-50.4,-49.2,-52.8
89009,쒐초,2001-09-14 18:00,,6,9,,695,,.6,,-48,,
89009,쒐초,2001-09-15 06:00,,4,7,,689.6,,1,,-49.6,,
89009,쒐초,2001-09-15 12:00,,4,6,,687.5,,.9,,-50.3,-46.3,-52
89009,쒐초,2001-09-15 18:00,,7,8,,685.8,,1.1,,-55,,
89009,쒐초,2001-09-16 00:00,,5,5,,684.9,,.6,,-57.5,-47.9,-58.4
89009,쒐초,2001-09-16 06:00,,4,6,,683.8,,.1,,-54.1,,
89009,쒐초,2001-09-16 12:00,,4,5,,682.1,,.7,,-55.3,-51.6,-58.8
89009,쒐초,2001-09-16 18:00,,13,3,,679.3,,.8,,-61,-53.7,-61.6
89009,쒐초,2001-09-17 06:00,,0,0,,677.3,,.6,,-57.7,,
89009,쒐초,2001-09-17 18:00,,15,6,,272.6,,1.1,,-61,,
89009,쒐초,2001-09-18 00:00,,15,13,,671.5,,.5,,-57.9,-57.7,-63.7
89009,쒐초,2001-09-18 06:00,,11,8,,670.5,,.4,,-58.2,,
89009,쒐초,2001-09-18 12:00,,9,9,,670,,.6,,-62.8,-55.6,-63.1
89009,쒐초,2001-09-18 18:00,,9,5,,670.1,,.4,,-65.5,,
89009,쒐초,2001-09-19 00:00,,7,6,,670.2,,.1,,-64.6,-62.5,-66.3
89009,쒐초,2001-09-19 06:00,,7,7,,670.6,,.3,,-65.9,,
89009,쒐초,2001-09-19 12:00,,7,6,,671.6,,.8,,-67.1,-64.3,-67.4
89009,쒐초,2001-09-19 18:00,,9,9,,672,,.8,,-67.9,,
89009,쒐초,2001-09-20 06:00,,10,4,,672.1,,.1,,-68.5,,
89009,쒐초,2001-09-20 12:00,,12,6,,671.9,,0,,-69.8,-65.1,-69.9
89009,쒐초,2001-09-21 00:00,,7,5,,673.5,,.5,,-60.4,-60.3,-69.9
89009,쒐초,2001-09-21 06:00,,2,7,,675.3,,.8,,-54.9,,
89009,쒐초,2001-09-21 12:00,,2,5,,677.2,,.9,,-55.5,-53.3,-61.8
89009,쒐초,2001-09-21 18:00,,1,14,,678.9,,.7,,-55.3,,
89009,쒐초,2001-09-22 00:00,,90,9,,680.1,120.5,.4,,-54.1,-54.1,-55.9
89009,쒐초,2001-09-22 06:00,,1,10,,680.5,,.4,,-51.5,,
89009,쒐초,2001-09-22 18:00,,35,13,,680.3,,.1,,-46.9,,
89009,쒐초,2001-09-23 00:00,,36,17,,679.5,,.5,,-45.2,-45.2,-48.9
89009,쒐초,2001-09-23 06:00,,36,15,,678.7,,.1,,-45.8,,
89009,쒐초,2001-09-23 12:00,,36,16,,677.7,,.7,,-46.6,-44.2,-46.6
89009,쒐초,2001-09-23 18:00,,1,18,,676.8,,.3,,-49.9,-46.5,-51.1
89009,쒐초,2001-09-24 00:00,,1,18,,676.8,,.3,,-49.9,-46.5,-51.1
89009,쒐초,2001-09-24 06:00,,1,14,,676.8,,.6,,-52.1,,
89009,쒐초,2001-09-24 12:00,,2,10,,676.1,,.4,,-53.7,-49.6,-53.7
89009,쒐초,2001-09-25 00:00,,3,6,,674.7,,.5,,-59.5,-53.7,-60.5
89009,쒐초,2001-09-25 12:00,,9,7,,672.1,,.4,,-61.9,-57.8,-61.9
89009,쒐초,2001-09-25 18:00,,8,8,,671.2,,.4,,-64.7,,
89009,쒐초,2001-09-26 00:00,,9,8,,670.7,,.1,,-65.6,-61.1,-65.9
89009,쒐초,2001-09-26 12:00,,7,8,,671.5,,.2,,-68,-65.6,-68.2
89009,쒐초,2001-09-28 00:00,,2,14,,671.2,,.7,,-55.9,-54.1,-58.9
89009,쒐초,2001-09-28 12:00,,1,18,,668.8,,.7,,-54.5,-54.5,-56.8
89009,쒐초,2001-09-28 18:00,,1,21,,669.3,,.2,,-53.4,,
89009,쒐초,2001-09-29 00:00,,2,16,,670.2,,.7,,-55.8,-53.1,-55.8
89009,쒐초,2001-09-29 06:00,,3,17,,670.2,,.3,,-58.5,,
89009,쒐초,2001-09-30 00:00,,4,15,,667.3,,.4,,-60.8,-60.5,-61.6
89009,쒐초,2001-09-30 12:00,,4,17,,664.4,,.5,,-57.9,-57.9,-60.8
89009,쒐초,2001-09-30 18:00,,5,12,,662.9,,.4,,-57.2,,
89009,쒐초,2001-10-01 00:00,,8,10,,661.9,,.2,,-61.4,-57.1,-61.6
89009,쒐초,2001-10-01 06:00,,9,11,,660.4,,.5,,-62.4,,
89009,쒐초,2001-10-01 12:00,,10,11,,659.3,,.5,,-60,-59.5,-62.6
89009,쒐초,2001-10-01 18:00,,10,12,,657.7,,.8,,-61.4,,
89009,쒐초,2001-10-02 00:00,,12,13,,655.7,,1.2,,-60,-59.5,-63.1
89009,쒐초,2001-10-02 06:00,,11,13,,653.5,,1.1,,-61.5,,
89009,쒐초,2001-10-02 12:00,,9,11,,653.4,,.3,,-67.6,-59.7,-67.6
89009,쒐초,2001-10-02 18:00,,8,10,,654.8,,.9,,-68.8,,
89009,쒐초,2001-10-03 06:00,,7,8,,660.5,,1.4,,-68.3,,
89009,쒐초,2001-10-03 12:00,,4,5,,665.1,,2.1,,-68,-67.8,-70
89009,쒐초,2001-10-03 18:00,,1,12,,667.8,,1.8,,-62.7,,
89009,쒐초,2001-10-04 06:00,,32,9,,675,,1.6,,-51.2,,
89009,쒐초,2001-10-04 12:00,,4,6,,677.6,,.9,,-53.3,-50.2,-56.3
89009,쒐초,2001-10-04 18:00,,4,7,,679.6,,.2,,-52.2,-51.5,-54.4
89009,쒐초,2001-10-05 18:00,,6,10,,681.9,,.3,,-56,,
89009,쒐초,2001-10-06 06:00,,8,8,,681.8,,.2,,-57,,
89009,쒐초,2001-10-06 18:00,,7,7,,681.4,,.3,,-59.4,,
89009,쒐초,2001-10-07 00:00,,10,10,,681.3,,.6,,-61.7,-58.7,-62.1
89009,쒐초,2001-10-07 06:00,,9,11,,681,,.1,,-62.5,,
89009,쒐초,2001-10-07 12:00,,10,8,,681.2,,0,,-62.3,-59.4,-63.4
89009,쒐초,2001-10-07 18:00,,9,11,,681.3,,.4,,-62.8,,
89009,쒐초,2001-10-08 00:00,,10,6,,683,,1.3,,-63.5,-62,-63.7
89009,쒐초,2001-10-08 12:00,,5,9,,685.3,,.3,,-59.8,-56.9,-63.9
89009,쒐초,2001-10-08 18:00,,3,12,,686.6,,0,,-54.2,,
89009,쒐초,2001-10-09 00:00,,3,13,,687.1,,.1,,-51.8,-51.8,-59.8
89009,쒐초,2001-10-09 06:00,,36,16,,686.9,,.1,,-47.5,,
89009,쒐초,2001-10-09 12:00,,1,15,,687.5,,.6,,-47,-46.2,-51.9
89009,쒐초,2001-10-09 18:00,,2,14,,687.8,,0,,-50,,
89009,쒐초,2001-10-10 00:00,,3,11,,687.6,,.3,,-50.7,-47,-51.6
89009,쒐초,2001-10-10 06:00,,5,10,,686.4,,.4,,-53,,
89009,쒐초,2001-10-10 12:00,,5,12,,683.6,,1.1,,-52.4,-50.7,-55.4
89009,쒐초,2001-10-10 18:00,,5,9,,681.2,,1.2,,-51.6,,
89009,쒐초,2001-10-11 00:00,,5,10,,678.9,,1.1,,-55.5,-50.6,-55.5
89009,쒐초,2001-10-11 06:00,,6,14,,676.7,,1.4,,-54.8,,
89009,쒐초,2001-10-11 12:00,,7,13,,674.4,,1.1,,-55,-53.1,-55.6
89009,쒐초,2001-10-11 18:00,,6,9,,672.5,,.7,,-54.8,,
89009,쒐초,2001-10-12 00:00,,7,12,,671.1,,.3,,-54.3,-52.8,-56
89009,쒐초,2001-10-12 06:00,,7,12,,671.1,,.3,,-54.3,-52.8,-56
89009,쒐초,2001-10-12 12:00,,6,14,,668.7,,.2,,-55.7,-54.3,-56.6
89009,쒐초,2001-10-12 18:00,,7,11,,668.1,,.3,,-57.8,,
89009,쒐초,2001-10-13 00:00,,7,10,,668.7,,.3,,-58.2,-55.7,-58.2
89009,쒐초,2001-10-13 06:00,,7,12,,668.8,,.1,,-58.8,,
89009,쒐초,2001-10-13 12:00,,7,10,,670.1,,.6,,-59.8,,
89009,쒐초,2001-10-14 00:00,,7,8,,670.7,,.3,,-60.3,-59.2,-60.9
89009,쒐초,2001-10-14 06:00,,8,9,,670.8,,.1,,-60.6,,
89009,쒐초,2001-10-14 12:00,,7,12,,671.1,,.1,,-60.8,-59,-61.4
89009,쒐초,2001-10-15 06:00,,9,9,,670.7,,.1,,-61.7,,
89009,쒐초,2001-10-15 12:00,,9,7,,670.5,,.1,,-62.3,-61.5,-62.9
89009,쒐초,2001-10-15 18:00,,9,5,,670.3,,.1,,-61.9,,
89009,쒐초,2001-10-16 00:00,,7,9,,670.7,,.1,,-62.3,-61.6,-63
89009,쒐초,2001-10-16 06:00,,4,9,,675,,.2,,-56.2,,
89009,쒐초,2001-10-16 12:00,,5,7,,676.1,,.5,,-57.1,-55.8,-57.1
89009,쒐초,2001-10-16 18:00,,5,6,,677.1,,.8,,-57.8,,
89009,쒐초,2001-10-18 00:00,,5,8,,678,,.3,,-59.9,-55.9,-60.5
89009,쒐초,2001-10-18 06:00,,5,9,,678.6,,.2,,-56.8,,
89009,쒐초,2001-10-18 12:00,,6,8,,678.3,,.5,,-56.2,-55.1,-59.9
89009,쒐초,2001-10-18 18:00,,6,8,,676.4,,1.1,,-55.9,,
89009,쒐초,2001-10-19 00:00,,9,9,,674,,1.5,,-57.7,-55.8,-58.5
89009,쒐초,2001-10-19 06:00,,10,18,,670.3,,1.8,,-54,,
89009,쒐초,2001-10-19 12:00,,7,14,,668.3,,.8,,-52.3,-52.3,-57.8
89009,쒐초,2001-10-19 18:00,,6,16,,666.2,,.8,,-49.5,,
89009,쒐초,2001-10-20 00:00,,6,13,,663.4,,1.5,,-48,-46.6,-52.7
89009,쒐초,2001-10-20 06:00,,3,23,,661.4,,.9,,-45.9,,
89009,쒐초,2001-10-20 12:00,,2,21,,661.1,,.3,,-49,-44.8,-49.1
89009,쒐초,2001-10-20 18:00,,36,16,,664.5,,2.5,,-51.9,,
89009,쒐초,2001-10-21 00:00,,35,19,,668.8,,1.7,,-50.4,-48.8,-53.4
89009,쒐초,2001-10-21 06:00,,34,22,,672.8,,2,,-44.4,,
89009,쒐초,2001-10-21 18:00,,34,11,,681,,2,,-44.4,,
89009,쒐초,2001-10-22 00:00,,1,14,,682.9,,.1,,-46.4,-42.5,-46.5
89009,쒐초,2001-10-22 06:00,,2,18,,682.2,,0,,-47.3,,
89009,쒐초,2001-10-22 18:00,,3,21,,679.2,,.3,,-45.9,,
89009,쒐초,2001-10-23 00:00,,3,19,,678.5,,.3,,-46.9,-45.5,-47.3
89009,쒐초,2001-10-23 12:00,,6,10,,675.3,,1,,-50.9,-46.6,-50.9
89009,쒐초,2001-10-23 18:00,,6,10,,674.5,,.5,,-51.1,,
89009,쒐초,2001-10-24 00:00,,6,11,,673.7,,.5,,-52.4,-51,-52.8
89009,쒐초,2001-10-24 06:00,,5,11,,672.2,,.4,,-51.9,,
89009,쒐초,2001-10-24 12:00,,4,16,,671.9,,.1,,-50.4,-50.3,-52.6
89009,쒐초,2001-10-24 18:00,,1,12,,672.5,,.4,,-52,,
89009,쒐초,2001-10-25 00:00,,2,13,,674.1,,.7,,-50.9,-50.9,-51.9
89009,쒐초,2001-10-25 06:00,,3,12,,674.9,,.4,,-51.9,,
89009,쒐초,2001-10-25 12:00,,4,10,,676,,.2,,-52,-50.9,-52.2
89009,쒐초,2001-10-25 18:00,,5,10,,676.3,,.1,,-50.8,,
89009,쒐초,2001-10-26 00:00,,3,13,,676.4,,.3,,-48.4,-48.4,-52
89009,쒐초,2001-10-26 06:00,,2,15,,676.3,,.2,,-48.3,,
89009,쒐초,2001-10-26 12:00,,5,10,,676.7,,.1,,-47.8,-47.6,-48.9
89009,쒐초,2001-10-26 18:00,,5,9,,676.3,,.2,,-48,,
89009,쒐초,2001-10-27 00:00,,5,9,,675.9,,.1,,-47.8,-46.7,-49
89009,쒐초,2001-10-27 06:00,,67,47,,,,.2,,,,
89009,쒐초,2001-10-27 12:00,,9,6,,673.7,,.4,,-51.1,-47.8,-51.2
89009,쒐초,2001-10-27 18:00,,8,8,,672.1,,.5,,-50.3,,
89009,쒐초,2001-10-28 00:00,,6,11,,671,,.4,,-50.1,-50,-51.2
89009,쒐초,2001-10-28 06:00,,6,10,,670.2,,.2,,-49.2,,
89009,쒐초,2001-10-28 12:00,,4,13,,670.4,,.3,,-47.5,-47.5,-50.7
89009,쒐초,2001-10-28 18:00,,3,15,,671.2,,.5,,-47.8,,
89009,쒐초,2001-10-29 06:00,,4,14,,674.2,,.5,,-46.7,,
89009,쒐초,2001-10-29 12:00,,4,13,,675.1,,.1,,-47.2,-46.4,-47.4
89009,쒐초,2001-10-29 18:00,,4,18,,674.1,,.6,,-45,,
89009,쒐초,2001-10-30 00:00,,5,18,,671.1,,.9,,-43.2,-43.2,-47
89009,쒐초,2001-10-30 12:00,,2,17,,669.9,,.8,,-35.5,-34.5,-43.2
89009,쒐초,2001-10-30 18:00,,36,16,,672.3,,1.5,,-33,,
89009,쒐초,2001-10-31 00:00,,1,22,,673.2,,.2,,-32,-30.9,-35.8
89009,쒐초,2001-10-31 06:00,,36,21,,673.6,,.8,,-32.4,,
89009,쒐초,2001-10-31 12:00,,36,13,,677.2,,2.1,,-35.2,-31.9,-36.5
89009,쒐초,2001-10-31 18:00,,1,12,,681.1,,1.8,,-38.2,,
89009,쒐초,2001-11-01 06:00,,1,13,,686.8,,1,,-37,,
89009,쒐초,2001-11-01 12:00,,2,17,,687.5,,0,,-35.9,-35.3,-37.3
89009,쒐초,2001-11-02 00:00,,3,19,,680.5,,1.3,,-33.4,-33.5,-37.2
89009,쒐초,2001-11-02 06:00,,2,11,,680.6,,.4,,-35,,
89009,쒐초,2001-11-02 12:00,,2,15,,680.4,,.2,,-32.6,-32.3,-35.9
89009,쒐초,2001-11-02 18:00,,1,15,,680.3,,.3,,-30.9,,
89009,쒐초,2001-11-03 00:00,,1,15,,680.7,,.2,,-30.5,-30.1,-32.8
89009,쒐초,2001-11-03 06:00,,36,13,,680.7,,0,,-31.1,,
89009,쒐초,2001-11-03 12:00,,31,12,,682.8,,1.5,,-32.7,-29.4,-33
89009,쒐초,2001-11-03 18:00,,34,9,,,686.1,1.4,,-39.8,,
89009,쒐초,2001-11-04 00:00,,33,18,,686,,.1,,-31.8,-31.8,-40
89009,쒐초,2001-11-04 06:00,,31,18,,685.4,,.1,,-30.3,,
89009,쒐초,2001-11-04 12:00,,32,15,,685.1,,.1,,-31.5,-30.2,-32.5
89009,쒐초,2001-11-04 18:00,,30,15,,684.7,,0,,-30.4,,
89009,쒐초,2001-11-05 00:00,,34,15,,683.7,,.8,,-33.7,-30.2,-33.8
89009,쒐초,2001-11-05 06:00,,1,18,,681.4,,1.4,,-34,,
89009,쒐초,2001-11-05 12:00,,35,12,,679.2,,.7,,-34.4,-33.4,-35.3
89009,쒐초,2001-11-05 18:00,,34,12,,677.8,,.1,,-35.4,,
89009,쒐초,2001-11-06 00:00,,35,10,,678.6,,.7,,-36.8,-34.2,-37.9
89009,쒐초,2001-11-06 06:00,,32,10,,679.7,,.9,,-32.2,,
89009,쒐초,2001-11-06 12:00,,31,17,,681,,.6,,-30.2,-30.2,-36.8
89009,쒐초,2001-11-06 18:00,,31,22,,681.4,,.5,,-30.1,,
89009,쒐초,2001-11-07 00:00,,30,16,,683.4,,1,,-28.9,-28.9,-31.1
89009,쒐초,2001-11-07 06:00,,28,13,,685.7,,1.2,,-27.3,,
89009,쒐초,2001-11-07 12:00,,26,9,,688.8,,1,,-25.7,-22.6,-29.5
89009,쒐초,2001-11-08 00:00,,26,7,,691.2,,.5,,-32,-28.8,-33.7
89009,쒐초,2001-11-08 06:00,,14,5,,690.9,,.1,,-33.1,,
89009,쒐초,2001-11-08 12:00,,14,9,,690.4,,.3,,-37.8,-30.8,-38.6
89009,쒐초,2001-11-08 18:00,,13,5,,689.7,,.3,,-36.8,,
89009,쒐초,2001-11-09 00:00,,7,5,,688.9,,.2,,-34.1,-32.1,-38.5
89009,쒐초,2001-11-09 06:00,,10,13,,684.8,,.9,,-35.1,,
89009,쒐초,2001-11-09 12:00,,9,7,,687.6,,.2,,-35.8,-32.6,-36.4
89009,쒐초,2001-11-09 18:00,,7,8,,687.2,,.2,,-34.6,,
89009,쒐초,2001-11-10 12:00,,9,15,,683.3,,1,,-35.1,-33.9,-35.6
89009,쒐초,2001-11-10 18:00,,7,8,,682,,.3,,-35.5,,
89009,쒐초,2001-11-11 00:00,,7,13,,681.1,,.6,,-36,-34.2,-37.2
89009,쒐초,2001-11-11 18:00,,8,14,,676.5,,.4,,-37.6,,
89009,쒐초,2001-11-12 00:00,,7,13,,676,,.3,,-39,-36.5,-39
89009,쒐초,2001-11-12 06:00,,7,12,,676.3,,.1,,-39.8,,
89009,쒐초,2001-11-12 12:00,,6,10,,677.1,,.5,,-40.8,-38.6,-41
89009,쒐초,2001-11-12 18:00,,5,8,,678.2,,.5,,-41.8,,
89009,쒐초,2001-11-13 00:00,,2,11,,680,,.9,,-41.4,-40.8,-42.1
89009,쒐초,2001-11-13 06:00,,2,9,,681.7,,1,,-42,,
89009,쒐초,2001-11-13 12:00,,2,9,,683.1,,.4,,-42.3,-42.3,-40.2
89009,쒐초,2001-11-13 18:00,,3,8,,683.8,,.2,,-42.3,,
89009,쒐초,2001-11-14 00:00,,4,7,,683.8,,0,,-41.8,-41.7,-42.6
89009,쒐초,2001-11-14 06:00,,6,8,,682.9,,.5,,-43,,
89009,쒐초,2001-11-14 12:00,,7,8,,681.5,,.8,,-42.9,-41.8,-43.3
89009,쒐초,2001-11-15 06:00,,5,12,,678.3,,.3,,-39.5,,
89009,쒐초,2001-11-15 12:00,,6,10,,677.9,,.1,,-41.2,-40.4,-41.8
89009,쒐초,2001-11-15 18:00,,7,8,,677.8,,.2,,-40.8,,
89009,쒐초,2001-11-16 00:00,,6,10,,678.2,,.1,,-39.9,-39.8,-41.6
89009,쒐초,2001-11-16 06:00,,6,8,,679.1,,.6,,-41,,
89009,쒐초,2001-11-16 12:00,,1,8,,680.6,,.6,,-40,,-41.6
89009,쒐초,2001-11-16 18:00,,2,10,,681.5,,.2,,-40.5,,
89009,쒐초,2001-11-17 00:00,,3,13,,681.2,,.5,,-38,-37.8,-41.1
89009,쒐초,2001-11-17 06:00,,1,14,,680.6,,.1,,-34.5,,
89009,쒐초,2001-11-17 12:00,,35,21,,680.6,,.1,,-31.6,-31.4,-38.3
89009,쒐초,2001-11-17 18:00,,35,21,,680.4,,.3,,-31.5,,
89009,쒐초,2001-11-18 06:00,,35,22,,681.1,,.4,,-31.4,,
89009,쒐초,2001-11-18 12:00,,36,22,,681.5,,.2,,-32.7,-31.3,-32.9
89009,쒐초,2001-11-18 18:00,,36,20,,681.9,,.1,,-33.3,,
89009,쒐초,2001-11-19 06:00,,3,15,,683.4,,.2,,-36.1,,
89009,쒐초,2001-11-19 12:00,,4,12,,683.8,,.1,,-37.2,-34.9,-37.3
89009,쒐초,2001-11-19 18:00,,4,13,,684,,.2,,-37,,
89009,쒐초,2001-11-20 00:00,,5,10,,684.1,,0,,-36.9,-36.8,-37.5
89009,쒐초,2001-11-20 06:00,,7,9,,683.9,,0,,-37.7,,
89009,쒐초,2001-11-20 12:00,,5,10,,683.3,,.3,,-37,-36.7,-38
89009,쒐초,2001-11-20 18:00,,6,9,,682.5,,.4,,-37.2,,
89009,쒐초,2001-11-21 06:00,,4,10,,681.6,,.1,,-37.5,,
89009,쒐초,2001-11-21 12:00,,2,16,,682.4,,.4,,-37.1,-37.1,-37.8
89009,쒐초,2001-11-21 18:00,,36,9,,684,,.9,,-34.6,,
89009,쒐초,2001-11-22 06:00,,7,8,,686.6,,.8,,-34.7,,
89009,쒐초,2001-11-22 12:00,,1,13,,687.9,,.1,,-31.8,-30.4,-32.2
89009,쒐초,2001-11-22 18:00,,36,13,,688.2,,.2,,-33,,
89009,쒐초,2001-11-23 12:00,,9,7,,684.3,,1.3,,-34.7,-33.4,-35.4
89009,쒐초,2001-11-24 00:00,,5,7,,679.2,,.4,,-36.3,,
89009,쒐초,2001-11-24 12:00,,5,7,,679.2,,.1,,-35.4,-34.6,-36.6
89009,쒐초,2001-11-24 18:00,,6,6,,679.7,,.4,,-36.2,,
89009,쒐초,2001-11-25 12:00,,13,4,,683.5,,.7,,-38.1,-36.9,-38.1
89009,쒐초,2001-11-25 18:00,,9,6,,684.3,,.4,,-37.9,,
89009,쒐초,2001-11-26 00:00,,12,4,,685.3,,.4,,-38,-31.8,-38.4
89009,쒐초,2001-11-26 06:00,,11,6,,685.1,,.1,,-37.6,,
89009,쒐초,2001-11-26 12:00,,11,7,,684.3,,.3,,-37.4,-37.1,-38.1
89009,쒐초,2001-11-26 18:00,,9,18,,682.7,,.8,,-36.9,,
89009,쒐초,2001-11-27 00:00,,9,7,,680.9,,1,,-37.4,-26.9,-38
89009,쒐초,2001-11-27 06:00,,7,9,,678.9,,.9,,-36.7,,
89009,쒐초,2001-11-27 12:00,,6,9,,677.7,,.5,,-36.3,-36,-37.5
89009,쒐초,2001-11-27 18:00,,5,9,,676.3,,.6,,-35.4,,
89009,쒐초,2001-11-28 00:00,,4,11,,676.1,,0,,-35.4,-34.9,-36.7
89009,쒐초,2001-11-28 06:00,,3,12,,676.3,,.2,,-35.6,,
89009,쒐초,2001-11-28 18:00,,36,10,,679.4,,.8,,-35.5,,
89009,쒐초,2001-11-29 00:00,,2,13,,681.6,,1,,-34.4,-34.4,-35.7
89009,쒐초,2001-11-29 06:00,,2,16,,683,,.7,,-34.2,,
89009,쒐초,2001-11-29 12:00,,2,15,,683.9,,.3,,-33.2,-32.9,-34.8
89009,쒐초,2001-11-29 18:00,,2,17,,683.6,,.2,,-31.5,,
89009,쒐초,2001-11-30 06:00,,5,17,,680.7,,1.1,,-31.8,,
89009,쒐초,2001-11-30 12:00,,7,11,,677.1,,2,,-32.5,-31.5,-32.7
89009,쒐초,2001-11-30 18:00,,8,8,,673.6,,1.4,,-32.8,,
89009,쒐초,2001-12-01 00:00,,5,10,,672.1,,.4,,-29.6,-29.6,-33.1
89009,쒐초,2001-12-01 06:00,,3,12,,672.4,,.5,,-30,,
89009,쒐초,2001-12-01 12:00,,2,11,,673.8,,.7,,-30.8,-29.3,-30.9
89009,쒐초,2001-12-01 18:00,,36,10,,675.7,,1.1,,-32,,
89009,쒐초,2001-12-02 00:00,,1,7,,677.1,,.7,,-32.8,-13.8,-32.9
89009,쒐초,2001-12-02 06:00,,1,5,,677.9,,.4,,-33.2,,
89009,쒐초,2001-12-02 12:00,,24,3,,678.5,,.1,,-33.2,-32.7,-33.7
89009,쒐초,2001-12-02 18:00,,16,3,,678.3,,0,,-34.7,,
89009,쒐초,2001-12-03 06:00,,14,9,,676.7,,.4,,-34.6,,
89009,쒐초,2001-12-03 12:00,,13,7,,675.9,,.5,,-34.5,-34.3,-34.9
89009,쒐초,2001-12-03 18:00,,12,8,,675.4,,.2,,-34,,
89009,쒐초,2001-12-04 00:00,,12,5,,675.7,,.2,,-33.4,-33.3,-34.8
89009,쒐초,2001-12-04 06:00,,8,7,,676.2,,.4,,-34.1,,
89009,쒐초,2001-12-04 12:00,,4,6,,677.2,,.5,,-33.9,-33.2,-34.3
89009,쒐초,2001-12-04 18:00,,6,5,,678,,.3,,-34.7,,
89009,쒐초,2001-12-05 00:00,,2,4,,678.4,,.2,,-34.6,-33.5,-35.1
89009,쒐초,2001-12-05 06:00,,34,9,,679,,.5,,-34.4,,
89009,쒐초,2001-12-05 12:00,,1,10,,679.7,,.3,,-33.8,-33.5,-35.2
89009,쒐초,2001-12-05 18:00,,4,10,,679.3,,.4,,-32.8,,
89009,쒐초,2001-12-06 00:00,,5,10,,677.8,,.8,,-32.7,-32,-34.1
89009,쒐초,2001-12-06 06:00,,3,16,,676.7,,.6,,-31.6,,
89009,쒐초,2001-12-06 12:00,,3,14,,676,,.1,,-31.4,-31.2,-32.7
89009,쒐초,2001-12-06 18:00,,2,13,,675.9,,0,,-31.2,,
89009,쒐초,2001-12-07 00:00,,3,13,,675.7,,.1,,-30.9,-29.6,-31.5
89009,쒐초,2001-12-07 06:00,,6,9,,674.2,,.9,,-29.1,,
89009,쒐초,2001-12-07 12:00,,1,10,,674.2,,.1,,-27.5,-26.8,-31.1
89009,쒐초,2001-12-07 18:00,,28,7,,676.4,,1.4,,-26.2,,
89009,쒐초,2001-12-08 00:00,,28,12,,679.7,,1.5,,-25.6,-25.4,-28.4
89009,쒐초,2001-12-08 06:00,,34,11,,681.3,,.5,,-27.1,,
89009,쒐초,2001-12-08 12:00,,1,14,,681.1,,.3,,-25.6,-25.1,-27.7
89009,쒐초,2001-12-09 00:00,,1,15,,680.2,,.4,,-24.2,-23.6,-26
89009,쒐초,2001-12-09 06:00,,2,16,,679.4,,.4,,-23.8,,
89009,쒐초,2001-12-09 18:00,,3,12,,676.2,,.4,,-24.5,,
89009,쒐초,2001-12-10 00:00,,4,12,,675,,.4,,-25.2,-24.2,-25.6
89009,쒐초,2001-12-10 06:00,,4,15,,673.6,,.4,,-24.7,,
89009,쒐초,2001-12-10 12:00,,1,18,,673.2,,0,,-22.6,-22.4,-25.6
89009,쒐초,2001-12-10 18:00,,2,13,,673.2,,0,,-24.4,,
89009,쒐초,2001-12-11 00:00,,2,14,,673.6,,.3,,-25.8,-24.1,-25.9
89009,쒐초,2001-12-11 06:00,,4,9,,673.6,,0,,-28.6,,
89009,쒐초,2001-12-11 12:00,,6,8,,673.6,,0,,-29.8,-25.8,-29.8
89009,쒐초,2001-12-11 18:00,,8,7,,673.8,,.2,,-30.6,,
89009,쒐초,2001-12-12 00:00,,9,5,,674.7,,.6,,-31.2,-29.8,-31.2
89009,쒐초,2001-12-12 06:00,,8,2,,675.5,,.4,,-31.1,,
89009,쒐초,2001-12-12 12:00,,1,3,,676.5,,.4,,-30.6,-30.2,-31.2
89009,쒐초,2001-12-12 18:00,,10,3,,678.1,,1,,-28.9,,
89009,쒐초,2001-12-13 00:00,,33,12,,679.6,,.8,,-26.2,-25.4,-30.8
89009,쒐초,2001-12-13 06:00,,34,10,,681.5,,1.1,,-27.8,,
89009,쒐초,2001-12-13 09:00,,34,10,,681.5,,1.1,,-27.8,,
89009,쒐초,2001-12-13 12:00,,1,7,,683.5,,.8,,-28.3,-26.2,-29.5
89009,쒐초,2001-12-13 18:00,,3,11,,685.3,,.8,,-27.9,,
89009,쒐초,2001-12-14 00:00,,5,10,,686.2,,.4,,-28.7,-26.7,-29.3
89009,쒐초,2001-12-14 06:00,,3,12,,686.2,,0,,-26.6,,
89009,쒐초,2001-12-14 12:00,,4,14,,685.4,,.5,,-27.7,-26.5,-29
89009,쒐초,2001-12-14 18:00,,2,15,,683.7,,.6,,-27.5,,
89009,쒐초,2001-12-15 00:00,,2,18,,682.1,,.6,,-27.2,-27.1,-27.8
89009,쒐초,2001-12-15 06:00,,3,17,,680.9,,.5,,-27.9,,
89009,쒐초,2001-12-15 12:00,,2,17,,680.3,,.2,,-26.8,-26.8,-27.9
89009,쒐초,2001-12-15 18:00,,2,15,,680.6,,.3,,-26.6,,
89009,쒐초,2001-12-16 00:00,,2,13,,681.1,,.2,,-26.8,-26,-27.2
89009,쒐초,2001-12-16 06:00,,2,13,,681.4,,.3,,-26.9,,
89009,쒐초,2001-12-16 12:00,,3,10,,681.6,,.1,,-24.7,-24.6,-27.5
89009,쒐초,2001-12-16 18:00,,2,7,,681.2,,.1,,-26.2,,
89009,쒐초,2001-12-17 00:00,,34,5,,681.2,,.1,,-26.7,-24.7,-26.8
89009,쒐초,2001-12-17 06:00,,99,4,,681.9,,.6,,-27.3,,
89009,쒐초,2001-12-17 12:00,,3,4,,682.7,,.3,,-28,-26.5,-28.2
89009,쒐초,2001-12-17 18:00,,7,7,,682.4,,.3,,-28.9,,
89009,쒐초,2001-12-18 00:00,,3,10,,682.1,,0,,-27.2,-27.1,-28.9
89009,쒐초,2001-12-18 06:00,,3,12,,681.7,,.1,,-25.4,,
89009,쒐초,2001-12-18 12:00,,2,14,,681.8,,0,,-25.3,-24.1,-27.3
89009,쒐초,2001-12-18 18:00,,3,12,,681.9,,.3,,-25.3,,
89009,쒐초,2001-12-19 00:00,,2,14,,683.1,,.7,,-24.1,-24,-25.4
89009,쒐초,2001-12-19 06:00,,2,14,,684.5,,.9,,-23.9,,
89009,쒐초,2001-12-19 12:00,,2,13,,686.5,,1,,-23.5,-23.5,-24.2
89009,쒐초,2001-12-19 18:00,,1,14,,688.4,,1.1,,-23.4,,
89009,쒐초,2001-12-20 00:00,,2,12,,679.3,,.9,,-24.1,-23.1,-24.1
89009,쒐초,2001-12-20 12:00,,3,14,,692.8,,.7,,-24.2,-23.9,-24.4
89009,쒐초,2001-12-20 18:00,,6,10,,692.8,,0,,-24.8,,
89009,쒐초,2001-12-21 00:00,,6,11,,692.1,,.4,,-24.8,-24.2,-25.2
89009,쒐초,2001-12-21 06:00,,6,6,,690.7,,.5,,-25.1,,
89009,쒐초,2001-12-21 12:00,,5,7,,689.7,,.5,,-25,-24.8,-25.3
89009,쒐초,2001-12-21 18:00,,3,8,,689.4,,0,,-24.8,,
89009,쒐초,2001-12-22 00:00,,2,10,,689.8,,.2,,-25,-24.8,-25.2
89009,쒐초,2001-12-22 06:00,,2,13,,690.5,,.3,,-24.9,,
89009,쒐초,2001-12-22 12:00,,2,13,,691.3,,.4,,-25.2,-24.9,-25.3
89009,쒐초,2001-12-22 18:00,,1,13,,691.9,,.3,,-25.1,,
89009,쒐초,2001-12-23 00:00,,1,14,,692.1,,0,,-25.4,-25.1,-25.5
89009,쒐초,2001-12-23 06:00,,2,15,,691.6,,.4,,-25.9,,
89009,쒐초,2001-12-23 12:00,,2,16,,691.1,,.4,,-25.4,-25.4,-25.9
89009,쒐초,2001-12-23 18:00,,2,17,,690,,.5,,-25.3,,
89009,쒐초,2001-12-24 00:00,,1,18,,690,,.5,,-23.8,-23.8,-25.5
89009,쒐초,2001-12-24 12:00,,2,14,,688,,.2,,-23.2,-23.2,-24.5
89009,쒐초,2001-12-24 18:00,,4,13,,687.3,,.3,,-23.3,,
89009,쒐초,2001-12-25 00:00,,2,14,,687.6,,0,,-23.3,-22.2,-24.2
89009,쒐초,2001-12-25 06:00,,36,10,,688.9,,.7,,-24.4,,
89009,쒐초,2001-12-25 12:00,,2,4,,691.2,,.9,,-23.6,-23,-24.8
89009,쒐초,2001-12-25 18:00,,99,2,,693.3,,1,,-24.7,,
89009,쒐초,2001-12-26 00:00,,15,6,,695.6,,.9,,-24.5,-23.6,-25.3
89009,쒐초,2001-12-26 06:00,,13,61,,696.2,,.2,,-25,,
89009,쒐초,2001-12-26 18:00,,11,9,,694.4,,.6,,-25.5,,
89009,쒐초,2001-12-27 00:00,,9,10,,693.8,,.3,,-25.2,-25,-26.1
89009,쒐초,2001-12-27 06:00,,8,13,,692.8,,.2,,-25.1,,
89009,쒐초,2001-12-27 12:00,,7,9,,693,,0,,-24.9,-24.8,-25.4
89009,쒐초,2001-12-27 18:00,,7,7,,693.8,,.6,,-25.2,,
89009,쒐초,2001-12-28 00:00,,6,8,,695.1,,.5,,-24.8,-24.5,-25.2
89009,쒐초,2001-12-28 06:00,,5,11,,695.9,,.5,,-24.3,,
89009,쒐초,2001-12-28 12:00,,5,11,,696.7,,.2,,-24,-24,-24.9
89009,쒐초,2001-12-28 18:00,,4,11,,697.5,,.5,,-23.9,,
89009,쒐초,2001-12-29 00:00,,4,10,,698.4,,.3,,-24,-23.9,-24.1
89009,쒐초,2001-12-29 06:00,,6,8,,698.4,,0,,-24.4,,
89009,쒐초,2001-12-29 12:00,,6,9,,697.6,,.4,,-24.6,-24,-24.6
89009,쒐초,2001-12-30 00:00,,5,8,,695.8,,.4,,-25.1,-24.6,-25.3
89009,쒐초,2001-12-30 06:00,,4,12,,695.4,,0,,-25.2,,
89009,쒐초,2001-12-30 12:00,,3,13,,695.3,,.2,,-25.2,-25.1,-25.3
89009,쒐초,2001-12-30 18:00,,16,61,,1031.2,,.1,,-25.1,,
89009,쒐초,2001-12-31 00:00,,2,12,,695.6,,.2,,-25.2,-25.1,-25.4
